timestamp,icao24,latitude,longitude,groundspeed,track,vertical_rate,callsign,onground,alert,spi,squawk,altitude,geoaltitude,last_position,lastcontact,serials,hour
2025-08-01 00:55:59+00:00,a37fd3,42.35820007324219,-70.99920793013138,125.0,76.62866803010807,0.0,JBU1337,False,False,False,,-175.0,-75.0,1754009757.756,1754009757.756,[-1408228164],2025-08-01 00:00:00+00:00
2025-08-01 00:56:00+00:00,a37fd3,42.358428955078125,-70.997709794478,132.0,76.90810693565317,0.0,JBU1337,False,False,False,,-175.0,-75.0,1754009759.71,1754009759.71,[-1408228164],2025-08-01 00:00:00+00:00
2025-08-01 00:56:01+00:00,a37fd3,42.358612060546875,-70.9968358820135,139.0,76.66489365895409,128.0,JBU1337,False,False,False,,-175.0,-50.0,1754009760.713,1754009760.713,[-1408228164],2025-08-01 00:00:00+00:00
2025-08-01 00:56:02+00:00,a37fd3,42.35876568293167,-70.9958879337754,139.0,76.66489365895409,128.0,JBU1337,False,False,False,,-175.0,-50.0,1754009761.676,1754009761.676,[-1408228164],2025-08-01 00:00:00+00:00
2025-08-01 00:56:03+00:00,a37fd3,42.35888671875,-70.9950880570845,145.0,76.82744657667311,384.0,JBU1337,False,False,False,,-175.0,-50.0,1754009762.908,1754009762.908,[-1408228164],2025-08-01 00:00:00+00:00
2025-08-01 00:56:04+00:00,a37fd3,42.359091548596396,-70.99409946175507,147.0,76.62555953512886,832.0,JBU1337,False,False,False,,-150.0,-25.0,1754009763.984,1754009763.984,[-1408228164],2025-08-01 00:00:00+00:00
2025-08-01 00:56:05+00:00,a37fd3,42.359161376953125,-70.99371476606888,147.0,76.62555953512886,832.0,JBU1337,False,False,False,,-150.0,-50.0,1754009764.169,1754009764.169,[-1408228164],2025-08-01 00:00:00+00:00
2025-08-01 00:56:06+00:00,a37fd3,42.359344482421875,-70.99240389737218,147.0,77.0053832080835,1856.0,JBU1337,False,False,False,,-100.0,0.0,1754009765.771,1754009765.771,[-1408228164],2025-08-01 00:00:00+00:00
2025-08-01 00:56:07+00:00,a37fd3,42.35943603515625,-70.991904518821,147.0,77.0053832080835,1856.0,JBU1337,False,False,False,,-75.0,0.0,1754009766.189,1754009766.62,[-1408228164],2025-08-01 00:00:00+00:00
2025-08-01 00:56:08+00:00,a37fd3,42.35966491699219,-70.99084333939987,147.0,77.0053832080835,2304.0,JBU1337,False,False,False,,-25.0,25.0,1754009767.411,1754009767.411,[-1408228164],2025-08-01 00:00:00+00:00
2025-08-01 00:56:09+00:00,a37fd3,42.35978983216366,-70.99001152570855,145.0,76.44280707046435,2752.0,JBU1337,False,False,False,,25.0,125.0,1754009768.38,1754009768.761,[-1408230124 -1408228164],2025-08-01 00:00:00+00:00
2025-08-01 00:56:10+00:00,a37fd3,42.35993957519531,-70.98909551447088,144.0,76.34958086524301,2816.0,JBU1337,False,False,False,,75.0,150.0,1754009769.663,1754009769.791,[-1408230124 -1408228164],2025-08-01 00:00:00+00:00
2025-08-01 00:56:11+00:00,a37fd3,42.36011569782839,-70.98809530568673,143.0,76.2550884934303,2816.0,JBU1337,False,False,False,,125.0,200.0,1754009770.629,1754009770.859,[-1408230124 -1408228164],2025-08-01 00:00:00+00:00
2025-08-01 00:56:12+00:00,a37fd3,42.36030578613281,-70.98716042258525,143.0,76.2550884934303,2816.0,JBU1337,False,False,False,,175.0,250.0,1754009771.814,1754009771.814,[-1408230124 -1408228164],2025-08-01 00:00:00+00:00
2025-08-01 00:56:13+00:00,a37fd3,42.360443115234375,-70.98628651012075,142.0,76.55138494831348,2816.0,JBU1337,False,False,False,,225.0,325.0,1754009772.762,1754009772.762,[-1408228163 -1408212209 -1408230124 -1408228164],2025-08-01 00:00:00+00:00
2025-08-01 00:56:14+00:00,a37fd3,42.360626220703125,-70.98541259765625,142.0,76.55138494831348,2880.0,JBU1337,False,False,False,,275.0,350.0,1754009773.695,1754009773.695,[-1408228163 -1408212209 -1408230124 -1408228164],2025-08-01 00:00:00+00:00
2025-08-01 00:56:15+00:00,a37fd3,42.36076742915784,-70.98451836164605,141.0,76.45682335755525,2880.0,JBU1337,False,False,False,,325.0,400.0,1754009774.893,1754009774.997,[-1408228163 -1408230745 -1408212209 -1408230124 -1408228164],2025-08-01 00:00:00+00:00
2025-08-01 00:56:16+00:00,a37fd3,42.36094665527344,-70.9835399280895,141.0,76.85275762473051,2880.0,JBU1337,False,False,False,,375.0,450.0,1754009775.968,1754009775.991,[-1408228163 -1408230745 -1408212209 -1408230124 -1408228164],2025-08-01 00:00:00+00:00
2025-08-01 00:56:17+00:00,a37fd3,42.36100019034693,-70.98311313363007,140.0,77.24997416418363,2880.0,JBU1337,False,False,False,,400.0,500.0,1754009776.532,1754009776.882,[-1408228163 -1408230745 -1408212209 -1408230124 -1408228164],2025-08-01 00:00:00+00:00
2025-08-01 00:56:18+00:00,a37fd3,42.36122131347656,-70.98185452547943,140.0,77.24997416418363,2880.0,JBU1337,False,False,False,,475.0,550.0,1754009777.985,1754009777.985,[-1408228163 -1408230745 -1408212209 -1408230124 -1408228164],2025-08-01 00:00:00+00:00
2025-08-01 00:56:19+00:00,a37fd3,42.361358642578125,-70.98098061301494,139.0,77.56043798115346,2816.0,JBU1337,False,False,False,,500.0,600.0,1754009778.956,1754009778.956,[-1408228163 -1408230745 -1408212209 -1408230124 -1408228164],2025-08-01 00:00:00+00:00
2025-08-01 00:56:20+00:00,a37fd3,42.3614501953125,-70.98048123446381,139.0,77.56043798115346,2816.0,JBU1337,False,False,False,,550.0,650.0,1754009779.656,1754009779.804,[-1408228163 -1408230745 -1408212209 -1408230124 -1408228164],2025-08-01 00:00:00+00:00
2025-08-01 00:56:21+00:00,a37fd3,42.361651921676376,-70.97921681958576,139.0,77.56043798115346,2752.0,JBU1337,False,False,False,,600.0,700.0,1754009780.939,1754009780.939,[-1408228163 -1408230745 -1408212209 -1408230124 -1408228164],2025-08-01 00:00:00+00:00
2025-08-01 00:56:22+00:00,a37fd3,42.36179157838983,-70.97838645757628,138.0,77.47119229084849,2752.0,JBU1337,False,False,False,,650.0,725.0,1754009781.994,1754009781.994,[-1408216312 -1408228163 -1408230745 -1408212209 -1408230124 -1408228164],2025-08-01 00:00:00+00:00
2025-08-01 00:56:23+00:00,a37fd3,42.361884682865465,-70.97768384356829,138.0,77.47119229084849,2752.0,JBU1337,False,False,False,,700.0,750.0,1754009782.764,1754009782.764,[-1408216312 -1408228163 -1408230745 -1408212209 -1408230124 -1408228164],2025-08-01 00:00:00+00:00
2025-08-01 00:56:24+00:00,a37fd3,42.362070891816735,-70.97685348155886,138.0,76.56897112931834,2752.0,JBU1337,False,False,False,,725.0,825.0,1754009783.944,1754009783.944,"[-1408216312 -1408228163 -1408237262 -1408230745 -1408212209 -1408230124
 -1408228164]",2025-08-01 00:00:00+00:00
2025-08-01 00:56:25+00:00,a37fd3,42.36222839355469,-70.97592440518468,138.0,76.56897112931834,2752.0,JBU1337,False,False,False,,800.0,850.0,1754009784.781,1754009784.781,"[-1408216312 -1408228163 -1408237262 -1408230745 -1408212209 -1408230124
 -1408228164]",2025-08-01 00:00:00+00:00
2025-08-01 00:56:26+00:00,a37fd3,42.362303653005824,-70.9755121275436,137.0,76.4716845336273,2816.0,JBU1337,False,False,False,,825.0,900.0,1754009785.613,1754009785.613,"[-1408216312 -1408228163 -1408237262 -1408230745 -1408212209 -1408230124
 -1408228164]",2025-08-01 00:00:00+00:00
2025-08-01 00:56:27+00:00,a37fd3,42.362489861957094,-70.97455401753268,137.0,76.06516488549865,2752.0,JBU1337,False,False,False,,875.0,975.0,1754009786.676,1754009786.956,"[-1408216312 -1408228163 -1408237262 -1408230745 -1408212209 -1408230124
 -1408228164]",2025-08-01 00:00:00+00:00
2025-08-01 00:56:28+00:00,a37fd3,42.362676070908364,-70.97340428551962,136.0,75.96375653207353,2752.0,JBU1337,False,False,False,,925.0,1000.0,1754009787.997,1754009787.997,"[-1408216312 -1408228163 -1408237262 -1408230745 -1408212209 -1408230124
 -1408228164]",2025-08-01 00:00:00+00:00
2025-08-01 00:56:29+00:00,a37fd3,42.362823486328125,-70.97261602228338,136.0,75.55596427550776,2688.0,JBU1337,False,False,False,,975.0,1050.0,1754009788.996,1754009788.996,"[-1408216312 -1408228163 -1408237262 -1408230745 -1408212209 -1408230124
 -1408228164]",2025-08-01 00:00:00+00:00
2025-08-01 00:56:30+00:00,a37fd3,42.36295538433527,-70.97187130950215,136.0,75.55596427550776,2560.0,JBU1337,False,False,False,,1000.0,1100.0,1754009789.87,1754009789.913,"[-1408216312 -1408228163 -1408237262 -1408230745 -1408212209 -1408230124
 -1408228164]",2025-08-01 00:00:00+00:00
2025-08-01 00:56:31+00:00,a37fd3,42.36309814453125,-70.97111788663,136.0,75.55596427550776,2560.0,JBU1337,False,False,False,,1050.0,1125.0,1754009790.853,1754009790.853,"[-1408216312 -1408228163 -1408237262 -1408230745 -1408212209 -1408230124
 -1408228164]",2025-08-01 00:00:00+00:00
2025-08-01 00:56:32+00:00,a37fd3,42.36328125,-70.97021058548324,138.0,75.25643716352927,2240.0,JBU1337,False,False,False,,1075.0,1150.0,1754009791.829,1754009791.829,"[-1408216312 -1408228163 -1408237262 -1408230745 -1408212209 -1408230124
 -1408228164]",2025-08-01 00:00:00+00:00
2025-08-01 00:56:33+00:00,a37fd3,42.36332780223782,-70.9698912154796,138.0,75.36172146162632,2112.0,JBU1337,False,False,False,,1100.0,1200.0,1754009792.154,1754009792.719,"[-1408216312 -1408228163 -1408237262 -1408230745 -1408212209 -1408230124
 -1408228164]",2025-08-01 00:00:00+00:00
2025-08-01 00:56:34+00:00,a37fd3,42.36360711566472,-70.96854986146434,139.0,75.46554491945989,1920.0,JBU1337,False,False,False,,1150.0,1250.0,1754009793.926,1754009793.926,"[-1408216312 -1408228163 -1408237262 -1408230745 -1408212209 -1408230124
 -1408228164]",2025-08-01 00:00:00+00:00
2025-08-01 00:56:35+00:00,a37fd3,42.36378479003906,-70.96780950372869,141.0,75.17352002964434,1792.0,JBU1337,False,False,False,,1175.0,1300.0,1754009794.647,1754009794.649,"[-1408216312 -1408228163 -1408237262 -1408230745 -1408212209 -1408230124
 -1408228164]",2025-08-01 00:00:00+00:00
2025-08-01 00:56:36+00:00,a37fd3,42.36393298132945,-70.96682526344472,142.0,75.27702493824978,1600.0,JBU1337,False,False,False,,1200.0,1300.0,1754009795.952,1754009795.99,"[-1408216312 -1408228163 -1408237262 -1408230745 -1408212209 -1408230124
 -1408228164]",2025-08-01 00:00:00+00:00
2025-08-01 00:56:37+00:00,a37fd3,42.36411919028072,-70.9659949014353,142.0,75.27702493824978,1600.0,JBU1337,False,False,False,,1225.0,1325.0,1754009796.97,1754009796.97,"[-1408216312 -1408228163 -1408237262 -1408230745 -1408212209 -1408230124
 -1408228164]",2025-08-01 00:00:00+00:00
2025-08-01 00:56:38+00:00,a37fd3,42.36430539923199,-70.9651006654251,145.0,75.1960198437295,1344.0,JBU1337,False,False,False,,1250.0,1375.0,1754009797.745,1754009797.898,"[-1408216312 -1408228163 -1408237262 -1408230745 -1408212209 -1408230124
 -1408228164]",2025-08-01 00:00:00+00:00
2025-08-01 00:56:39+00:00,a37fd3,42.364471435546875,-70.96412658691406,146.0,75.29644817623844,1280.0,JBU1337,False,False,False,,1275.0,1375.0,1754009798.665,1754009798.863,"[-1408216312 -1408228163 -1408237262 -1408230745 -1408212209 -1408230124
 -1408228164]",2025-08-01 00:00:00+00:00
2025-08-01 00:56:40+00:00,a37fd3,42.364654541015625,-70.96325267444956,148.0,75.11847029685946,1344.0,JBU1337,False,False,False,,1300.0,1400.0,1754009799.824,1754009799.996,"[-1408216312 -1408228163 -1408237262 -1408231885 -1408230745 -1408212209
 -1408230124 -1408228164]",2025-08-01 00:00:00+00:00
2025-08-01 00:56:41+00:00,a37fd3,42.364864026085804,-70.96222633539242,149.0,75.21727395738432,1408.0,JBU1337,False,False,False,,1325.0,1425.0,1754009800.866,1754009800.866,"[-1408216312 -1408228163 -1408237262 -1408231885 -1408230745 -1408212209
 -1408230124 -1408228164]",2025-08-01 00:00:00+00:00
2025-08-01 00:56:42+00:00,a37fd3,42.365050235037074,-70.96133209938222,150.0,74.94568344039517,1536.0,JBU1337,False,False,False,,1350.0,1475.0,1754009801.792,1754009801.892,"[-1408216312 -1408228163 -1408237262 -1408231885 -1408230745 -1408212209
 -1408230124 -1408228164]",2025-08-01 00:00:00+00:00
2025-08-01 00:56:43+00:00,a37fd3,42.365096787274894,-70.96094885537786,150.0,74.94568344039517,1536.0,JBU1337,False,False,False,,1350.0,1450.0,1754009802.469,1754009802.878,"[-1408216312 -1408228163 -1408237262 -1408231885 -1408230745 -1408212209
 -1408230124 -1408228164]",2025-08-01 00:00:00+00:00
2025-08-01 00:56:44+00:00,a37fd3,42.365386962890625,-70.95963217995381,152.0,75.14138555207533,1664.0,JBU1337,False,False,False,,1400.0,1525.0,1754009803.991,1754009803.991,"[-1408216312 -1408228163 -1408237262 -1408231885 -1408230745 -1408212209
 -1408230124 -1408228164]",2025-08-01 00:00:00+00:00
2025-08-01 00:56:45+00:00,a37fd3,42.36556230965307,-70.95858551735097,152.0,75.14138555207533,1664.0,JBU1337,False,False,False,,1425.0,1525.0,1754009804.932,1754009804.932,"[-1408216312 -1408228163 -1408237262 -1408231885 -1408230745 -1408212209
 -1408230124 -1408228164]",2025-08-01 00:00:00+00:00
2025-08-01 00:56:46+00:00,a37fd3,42.36570739746094,-70.95775951038706,155.0,75.78414652632645,1728.0,JBU1337,False,False,False,,1450.0,1575.0,1754009805.832,1754009805.845,"[-1408216312 -1408228163 -1408237262 -1408231885 -1408230745 -1408212209
 -1408230124 -1408228164]",2025-08-01 00:00:00+00:00
2025-08-01 00:56:47+00:00,a37fd3,42.36589050292969,-70.95676075328481,156.0,75.87451084176857,1728.0,JBU1337,False,False,False,,1475.0,1600.0,1754009806.98,1754009806.98,"[-1408216312 -1408228163 -1408237262 -1408231885 -1408230745 -1408212209
 -1408230124 -1408228164]",2025-08-01 00:00:00+00:00
2025-08-01 00:56:48+00:00,a37fd3,42.36607360839844,-70.95582441850144,157.0,75.96375653207353,1728.0,JBU1337,False,False,False,,1525.0,1650.0,1754009807.926,1754009807.926,"[-1408216312 -1408228163 -1408237262 -1408231885 -1408230745 -1408212209
 -1408230124 -1408228164]",2025-08-01 00:00:00+00:00
2025-08-01 00:56:49+00:00,a37fd3,42.36625671386719,-70.95488808371806,158.0,76.05190381562642,1792.0,JBU1337,False,False,False,,1550.0,1650.0,1754009808.877,1754009808.877,"[-1408216312 -1408228163 -1408237262 -1408231885 -1408230745 -1408212209
 -1408230124 -1408228164]",2025-08-01 00:00:00+00:00
2025-08-01 00:56:50+00:00,a37fd3,42.36643981933594,-70.95388932661575,159.0,76.13897243697885,1856.0,JBU1337,False,False,False,,1575.0,1675.0,1754009809.98,1754009809.98,"[-1408216312 -1408228163 -1408237262 -1408231885 -1408230745 -1408212209
 -1408230124 -1408228164]",2025-08-01 00:00:00+00:00
2025-08-01 00:56:51+00:00,a37fd3,42.36649335440943,-70.9534117232921,160.0,76.2249816803254,1920.0,JBU1337,False,False,False,,1600.0,1725.0,1754009810.551,1754009810.734,"[-1408216312 -1408228163 -1408237262 -1408231885 -1408230745 -1408212209
 -1408230124 -1408228164]",2025-08-01 00:00:00+00:00
2025-08-01 00:56:52+00:00,a37fd3,42.36677266783633,-70.95187874727469,161.0,76.3099503825345,1984.0,JBU1337,False,False,False,,1650.0,1725.0,1754009811.869,1754009811.869,"[-1408216312 -1408228163 -1408237262 -1408231885 -1408230745 -1408212209
 -1408230124 -1408228164]",2025-08-01 00:00:00+00:00
2025-08-01 00:56:53+00:00,a37fd3,42.366943359375,-70.95101789994675,162.0,76.3938969457507,2048.0,JBU1337,False,False,False,,1675.0,1775.0,1754009812.938,1754009812.938,"[-1408216312 -1408228163 -1408237262 -1408231885 -1408230745 -1408212209
 -1408231456 -1408230124 -1408228164]",2025-08-01 00:00:00+00:00
2025-08-01 00:56:54+00:00,a37fd3,42.36709853350106,-70.95009027525435,162.0,76.3938969457507,1984.0,JBU1337,False,False,False,,1700.0,1800.0,1754009813.827,1754009813.827,"[-1408216312 -1408228163 -1408237262 -1408231885 -1408230745 -1408212209
 -1408231456 -1408230124 -1408228164]",2025-08-01 00:00:00+00:00
2025-08-01 00:56:55+00:00,a37fd3,42.367331294690146,-70.94894054324124,163.0,76.13453331251938,1984.0,JBU1337,False,False,False,,1725.0,1850.0,1754009814.938,1754009814.938,"[-1408216312 -1408228163 -1408237262 -1408231885 -1408230745 -1408212209
 -1408231456 -1408230124 -1408228164]",2025-08-01 00:00:00+00:00
2025-08-01 00:56:56+00:00,a37fd3,42.36749267578125,-70.94802162863994,164.0,76.21840276434638,1856.0,JBU1337,False,False,False,,1775.0,1900.0,1754009815.787,1754009815.871,"[-1408216312 -1408228163 -1408237262 -1408231885 -1408230745 -1408212209
 -1408231456 -1408230124 -1408228164]",2025-08-01 00:00:00+00:00
2025-08-01 00:56:57+00:00,a37fd3,42.367703712592686,-70.94689657521798,166.0,76.38319105635904,1856.0,JBU1337,False,False,False,,1800.0,1925.0,1754009816.967,1754009816.967,"[-1408216312 -1408228163 -1408237262 -1408231885 -1408230745 -1408212209
 -1408231456 -1408230124 -1408228164]",2025-08-01 00:00:00+00:00
2025-08-01 00:56:58+00:00,a37fd3,42.36785888671875,-70.94602411443537,167.0,76.46414363086575,1792.0,JBU1337,False,False,False,,1825.0,1950.0,1754009817.996,1754009817.996,"[-1408216312 -1408212262 -1408228163 -1408237262 -1408231885 -1408230745
 -1408212209 -1408231456 -1408230124 -1408228164]",2025-08-01 00:00:00+00:00
2025-08-01 00:56:59+00:00,a37fd3,42.3680419921875,-70.94496293501419,168.0,76.54415702107632,1664.0,JBU1337,False,False,False,,1850.0,1975.0,1754009818.982,1754009818.982,"[-1408216312 -1408212262 -1408228163 -1408237262 -1408231885 -1408230745
 -1408212209 -1408231456 -1408230124 -1408229983 -1408228164]",2025-08-01 00:00:00+00:00
2025-08-01 00:57:00+00:00,a37fd3,42.36822509765625,-70.94396417791194,169.0,76.62324717014856,1600.0,JBU1337,False,False,False,,1875.0,2000.0,1754009819.995,1754009819.995,"[-1408216312 -1408212262 -1408228163 -1408237262 -1408231885 -1408230745
 -1408212209 -1408231456 -1408230124 -1408229983 -1408228164]",2025-08-01 00:00:00+00:00
2025-08-01 00:57:01+00:00,a37fd3,42.368408203125,-70.94290299849075,171.0,76.77871976827805,1664.0,JBU1337,False,False,False,,1900.0,2025.0,1754009820.97,1754009820.97,"[-1408216312 -1408212262 -1408228163 -1408237262 -1408231885 -1408230745
 -1408235754 -1408212209 -1408231456 -1408230124 -1408229983 -1408228164]",2025-08-01 00:00:00+00:00
2025-08-01 00:57:02+00:00,a37fd3,42.36858820511123,-70.94178665515989,171.0,76.85513238244926,1600.0,JBU1337,False,False,False,,1925.0,2050.0,1754009821.94,1754009821.94,"[-1408216312 -1408212262 -1408228163 -1408237262 -1408231885 -1408230745
 -1408235754 -1408212209 -1408231456 -1408230124 -1408229983 -1408228164]",2025-08-01 00:00:00+00:00
2025-08-01 00:57:03+00:00,a37fd3,42.3687744140625,-70.94084306196731,172.0,76.93068210371783,1600.0,JBU1337,False,False,False,,1950.0,2075.0,1754009822.779,1754009822.869,"[-1408216312 -1408212262 -1408228163 -1408237262 -1408230745 -1408235754
 -1408212209 -1408231456 -1408230124 -1408229983 -1408228164]",2025-08-01 00:00:00+00:00
2025-08-01 00:57:04+00:00,a37fd3,42.36891407077595,-70.93987043513806,173.0,77.0053832080835,1600.0,JBU1337,False,False,False,,1975.0,2100.0,1754009823.935,1754009823.935,"[-1408216312 -1408212262 -1408228163 -1408237262 -1408230745 -1408235754
 -1408212209 -1408231456 -1408230124 -1408229983 -1408228164]",2025-08-01 00:00:00+00:00
2025-08-01 00:57:05+00:00,a37fd3,42.36900717525159,-70.93923169513079,175.0,77.15229514128234,1600.0,JBU1337,False,False,False,,2000.0,2125.0,1754009824.481,1754009824.811,"[-1408216312 -1408212262 -1408228163 -1408237262 -1408230745 -1408235754
 -1408212209 -1408231456 -1408230124 -1408229983 -1408228164]",2025-08-01 00:00:00+00:00
2025-08-01 00:57:06+00:00,a37fd3,42.36919338420286,-70.93814583711844,176.0,77.22453301724046,1600.0,JBU1337,False,False,False,,2025.0,2150.0,1754009825.753,1754009825.864,"[-1408216312 -1408212262 -1408228163 -1408237262 -1408230745 -1408235754
 -1408212209 -1408231456 -1408230124 -1408229983 -1408228164]",2025-08-01 00:00:00+00:00
2025-08-01 00:57:07+00:00,a37fd3,42.36946105957031,-70.93653592196381,177.0,77.29597638594316,1664.0,JBU1337,False,False,False,,2075.0,2200.0,1754009826.79,1754009826.938,"[-1408216312 -1408212262 -1408228163 -1408237262 -1408230745 -1408235754
 -1408212209 -1408231456 -1408230124 -1408229983 -1408228164]",2025-08-01 00:00:00+00:00
2025-08-01 00:57:08+00:00,a37fd3,42.36964416503906,-70.93547474254262,178.0,77.36663806472498,1664.0,JBU1337,False,False,False,,2100.0,2225.0,1754009827.991,1754009827.991,"[-1408216312 -1408212262 -1408228163 -1408237262 -1408230745 -1408235754
 -1408212209 -1408231456 -1408230124 -1408229983 -1408228164]",2025-08-01 00:00:00+00:00
2025-08-01 00:57:09+00:00,a37fd3,42.36975201105667,-70.93488826308135,179.0,77.43653060148164,1728.0,JBU1337,False,False,False,,2100.0,2225.0,1754009828.43,1754009828.884,"[-1408216312 -1408212262 -1408228163 -1408237262 -1408234023 -1408230745
 -1408235754 -1408212209 -1408231456 -1408230124 -1408229983 -1408228164]",2025-08-01 00:00:00+00:00
2025-08-01 00:57:10+00:00,a37fd3,42.37001037597656,-70.9332275390625,180.0,77.5056662815819,1728.0,JBU1337,False,False,False,,2150.0,2275.0,1754009829.968,1754009829.968,"[-1408216312 -1408212262 -1408228163 -1408237262 -1408234023 -1408230745
 -1408235754 -1408212209 -1408231456 -1408230124 -1408229983 -1408228164]",2025-08-01 00:00:00+00:00
2025-08-01 00:57:11+00:00,a37fd3,42.370147705078125,-70.93260331587356,181.0,77.57405713457253,1664.0,JBU1337,False,False,False,,2175.0,2300.0,1754009830.655,1754009830.946,"[-1408216312 -1408212262 -1408228163 -1408237262 -1408234023 -1408230745
 -1408235754 -1408212209 -1408231456 -1408230124 -1408229983 -1408228164]",2025-08-01 00:00:00+00:00
2025-08-01 00:57:12+00:00,a37fd3,42.37042236328125,-70.93079306862569,182.0,77.64171494068238,1664.0,JBU1337,False,False,False,,2200.0,2325.0,1754009831.979,1754009831.979,"[-1408216312 -1408212262 -1408228163 -1408237262 -1408234023 -1408230745
 -1408235754 -1408212209 -1408231456 -1408230124 -1408229983 -1408228164]",2025-08-01 00:00:00+00:00
2025-08-01 00:57:13+00:00,a37fd3,42.370496846861755,-70.93022546102833,183.0,77.4034267641815,1664.0,JBU1337,False,False,False,,2225.0,2350.0,1754009832.667,1754009832.97,"[-1408216312 -1408212262 -1408228163 -1408237262 -1408234023 -1408230745
 -1408235754 -1408212209 -1408231456 -1408230124 -1408229983 -1408228164]",2025-08-01 00:00:00+00:00
2025-08-01 00:57:14+00:00,a37fd3,42.370683055813025,-70.92913960301598,185.0,77.53824407944622,1664.0,JBU1337,False,False,False,,2250.0,2375.0,1754009833.547,1754009833.913,"[-1408216312 -1408212262 -1408228163 -1408237262 -1408234023 -1408230745
 -1408235754 -1408212209 -1408231456 -1408230124 -1408229983 -1408228164]",2025-08-01 00:00:00+00:00
2025-08-01 00:57:15+00:00,a37fd3,42.3708692647643,-70.92798987100286,186.0,77.60459316624154,1728.0,JBU1337,False,False,False,,2275.0,2400.0,1754009834.849,1754009834.973,"[-1408216312 -1408212262 -1408228163 -1408237262 -1408234023 -1408230745
 -1408235754 -1408212209 -1408231456 -1408230124 -1408229983 -1408228164]",2025-08-01 00:00:00+00:00
2025-08-01 00:57:16+00:00,a37fd3,42.37110900878906,-70.92673561789775,187.0,77.6702503649277,1728.0,JBU1337,False,False,False,,2300.0,2425.0,1754009835.747,1754009835.98,"[-1408216312 -1408212262 -1408228163 -1408237262 -1408234023 -1408230745
 -1408212209 -1408231456 -1408230124 -1408229983 -1408235013 -1408228164]",2025-08-01 00:00:00+00:00
2025-08-01 00:57:17+00:00,a37fd3,42.37124168266684,-70.92569040697674,188.0,77.7352262721076,1792.0,JBU1337,False,False,False,,2325.0,2450.0,1754009836.689,1754009836.997,"[-1408216312 -1408212262 -1408228163 -1408237262 -1408234023 -1408230745
 -1408235754 -1408212209 -1408231456 -1408230124 -1408229983 -1408235013
 -1408228164]",2025-08-01 00:00:00+00:00
2025-08-01 00:57:18+00:00,a37fd3,42.37152099609375,-70.92409355695855,189.0,77.50398895556249,1856.0,JBU1337,False,False,False,,2375.0,2500.0,1754009837.968,1754009837.968,"[-1408216312 -1408212262 -1408228163 -1408237262 -1408234023 -1408230745
 -1408235754 -1408212209 -1408231456 -1408230124 -1408229983 -1408235013
 -1408228164]",2025-08-01 00:00:00+00:00
2025-08-01 00:57:19+00:00,a37fd3,42.37170720504502,-70.92294382494549,190.0,77.56907792371227,1856.0,JBU1337,False,False,False,,2400.0,2525.0,1754009838.971,1754009838.996,"[-1408216312 -1408212262 -1408228163 -1408237262 -1408234023 -1408230745
 -1408235754 -1408212209 -1408231456 -1408230124 -1408229983 -1408235013
 -1408228164]",2025-08-01 00:00:00+00:00
2025-08-01 00:57:20+00:00,a37fd3,42.37188720703125,-70.92186667702413,191.0,77.63350284678519,1920.0,JBU1337,False,False,False,,2450.0,2550.0,1754009839.897,1754009839.897,"[-1408216312 -1408212262 -1408237262 -1408234023 -1408212209 -1408235852
 -1408230124 -1408228164 -1408228163 -1408230745 -1408235754 -1408231456
 -1408229983 -1408235013]",2025-08-01 00:00:00+00:00
2025-08-01 00:57:21+00:00,a37fd3,42.37207962294756,-70.9205804869186,193.0,77.40667004389688,1984.0,JBU1337,False,False,False,,2475.0,2600.0,1754009840.995,1754009840.995,"[-1408216312 -1408212262 -1408237262 -1408234023 -1408212209 -1408235852
 -1408230124 -1408228164 -1408228163 -1408230745 -1408235754 -1408231456
 -1408229983 -1408235013]",2025-08-01 00:00:00+00:00
2025-08-01 00:57:22+00:00,a37fd3,42.3721727274232,-70.92006949491275,194.0,77.47119229084849,1984.0,JBU1337,False,False,False,,2475.0,2625.0,1754009841.538,1754009841.921,"[-1408216312 -1408212262 -1408237262 -1408234023 -1408212209 -1408235852
 -1408230124 -1408228164 -1408228163 -1408230745 -1408235754 -1408231456
 -1408229983 -1408235013]",2025-08-01 00:00:00+00:00
2025-08-01 00:57:23+00:00,a37fd3,42.37248229980469,-70.91805891557175,195.0,77.53506715793502,1984.0,JBU1337,False,False,False,,2550.0,2700.0,1754009842.914,1754009842.97,"[-1408216312 -1408212262 -1408237262 -1408234023 -1408212209 -1408235852
 -1408230124 -1408228164 -1408228163 -1408230745 -1408235754 -1408231456
 -1408229983 -1408235013]",2025-08-01 00:00:00+00:00
2025-08-01 00:57:24+00:00,a37fd3,42.372711181640625,-70.91687289151281,197.0,77.37643640229739,2048.0,JBU1337,False,False,False,,2575.0,2700.0,1754009843.985,1754009843.985,"[-1408216312 -1408212262 -1408237262 -1408234023 -1408212209 -1408235852
 -1408230124 -1408228164 -1408228163 -1408230745 -1408235754 -1408231456
 -1408229983 -1408235013]",2025-08-01 00:00:00+00:00
2025-08-01 00:57:25+00:00,a37fd3,42.372894287109375,-70.91568686745381,198.0,77.43976290315443,2112.0,JBU1337,False,False,False,,2600.0,2750.0,1754009844.99,1754009844.99,"[-1408216312 -1408212262 -1408237262 -1408234023 -1408212209 -1408235852
 -1408230124 -1408228164 -1408228163 -1408230745 -1408235754 -1408231456
 -1408229983 -1408235013]",2025-08-01 00:00:00+00:00
2025-08-01 00:57:26+00:00,a37fd3,42.373103772179554,-70.91457633085025,199.0,77.5024672765595,2048.0,JBU1337,False,False,False,,2650.0,2800.0,1754009845.995,1754009845.995,"[-1408216312 -1408212262 -1408237262 -1408234023 -1408212209 -1408235852
 -1408230124 -1408228164 -1408228163 -1408230745 -1408235754 -1408231456
 -1408229983 -1408235013]",2025-08-01 00:00:00+00:00
2025-08-01 00:57:27+00:00,a37fd3,42.373289981130824,-70.91336272483647,201.0,77.34744349944204,2048.0,JBU1337,False,False,False,,2675.0,2800.0,1754009846.964,1754009846.964,"[-1408216312 -1408212262 -1408237262 -1408234023 -1408212209 -1408235852
 -1408230124 -1408228164 -1408228163 -1408230745 -1408235754 -1408231456
 -1408229983 -1408235013]",2025-08-01 00:00:00+00:00
2025-08-01 00:57:28+00:00,a37fd3,42.373476190082094,-70.91208524482192,202.0,77.40961705446486,1920.0,JBU1337,False,False,False,,2700.0,2825.0,1754009847.976,1754009847.976,"[-1408216312 -1408212262 -1408237262 -1408234023 -1408212209 -1408235852
 -1408230124 -1408228164 -1408228163 -1408230745 -1408235754 -1408231456
 -1408229983 -1408235013]",2025-08-01 00:00:00+00:00
2025-08-01 00:57:29+00:00,a37fd3,42.37367248535156,-70.91100519353694,203.0,77.47119229084849,1728.0,JBU1337,False,False,False,,2725.0,2875.0,1754009848.917,1754009848.917,"[-1408216312 -1408212262 -1408237262 -1408234023 -1408212209 -1408235852
 -1408230124 -1408228164 -1408228163 -1408230745 -1408235754 -1408231456
 -1408229983 -1408235013]",2025-08-01 00:00:00+00:00
2025-08-01 00:57:30+00:00,a37fd3,42.37384860798464,-70.90984965479652,204.0,77.53217766378683,1600.0,JBU1337,False,False,False,,2750.0,2900.0,1754009849.8,1754009849.8,"[-1408216312 -1408212262 -1408237262 -1408234023 -1408212209 -1408235852
 -1408230124 -1408228164 -1408228163 -1408230745 -1408235754 -1408231456
 -1408229983 -1408235013]",2025-08-01 00:00:00+00:00
2025-08-01 00:57:31+00:00,a37fd3,42.37412792141154,-70.90838055277976,206.0,77.38067770656923,1536.0,JBU1337,False,False,False,,2775.0,2925.0,1754009850.951,1754009850.951,"[-1408216312 -1408212262 -1408237262 -1408234023 -1408212209 -1408235852
 -1408230124 -1408228164 -1408228163 -1408230745 -1408235754 -1408231456
 -1408229983 -1408235013]",2025-08-01 00:00:00+00:00
2025-08-01 00:57:32+00:00,a37fd3,42.37422180175781,-70.90775923295456,207.0,77.44116305905243,1472.0,JBU1337,False,False,False,,2800.0,2950.0,1754009851.759,1754009851.794,"[-1408216312 -1408212262 -1408237262 -1408234023 -1408212209 -1408235852
 -1408230124 -1408228164 -1408228163 -1408230745 -1408235754 -1408231456
 -1408229983 -1408235013]",2025-08-01 00:00:00+00:00
2025-08-01 00:57:33+00:00,a37fd3,42.37450033931409,-70.90608108875364,208.0,77.23233685531713,1536.0,JBU1337,False,False,False,,2825.0,2975.0,1754009852.909,1754009852.909,"[-1408216312 -1408212262 -1408237262 -1408234023 -1408212209 -1408235852
 -1408230124 -1408228164 -1408228163 -1408230745 -1408235754 -1408231456
 -1408229983 -1408235013]",2025-08-01 00:00:00+00:00
2025-08-01 00:57:34+00:00,a37fd3,42.37468654826536,-70.90480360873909,209.0,77.2928864986834,1536.0,JBU1337,False,False,False,,2850.0,3000.0,1754009853.841,1754009853.841,"[-1408216312 -1408212262 -1408237262 -1408234023 -1408212209 -1408235852
 -1408230124 -1408228164 -1408228163 -1408230745 -1408235754 -1408231456
 -1408229983 -1408235013]",2025-08-01 00:00:00+00:00
2025-08-01 00:57:35+00:00,a37fd3,42.37495422363281,-70.90338967063212,210.0,77.35287386427395,1536.0,JBU1337,False,False,False,,2875.0,3000.0,1754009854.978,1754009854.978,"[-1408216312 -1408212262 -1408237262 -1408234023 -1408212209 -1408235852
 -1408230124 -1408228164 -1408228163 -1408230745 -1408235754 -1408231456
 -1408229983 -1408235013]",2025-08-01 00:00:00+00:00
2025-08-01 00:57:36+00:00,a37fd3,42.37513732910156,-70.90207880193537,212.0,77.20769797285907,1536.0,JBU1337,False,False,False,,2900.0,3050.0,1754009855.946,1754009855.975,"[-1408216312 -1408212262 -1408237262 -1408234023 -1408212209 -1408235852
 -1408230124 -1408228164 -1408228163 -1408231885 -1408230745 -1408235754
 -1408231456 -1408229983 -1408235013]",2025-08-01 00:00:00+00:00
2025-08-01 00:57:37+00:00,a37fd3,42.37533827959481,-70.90090729469472,213.0,77.26718986879082,1600.0,JBU1337,False,False,False,,2925.0,3075.0,1754009856.888,1754009856.888,"[-1408216312 -1408212262 -1408237262 -1408234023 -1408212209 -1408235852
 -1408230124 -1408228164 -1408228163 -1408231885 -1408230745 -1408235754
 -1408231456 -1408229983 -1408235013]",2025-08-01 00:00:00+00:00
2025-08-01 00:57:38+00:00,a37fd3,42.37559509277344,-70.89951948686081,214.0,77.32613999437687,1600.0,JBU1337,False,False,False,,2950.0,3100.0,1754009857.992,1754009857.992,"[-1408216312 -1408212262 -1408237262 -1408234023 -1408212209 -1408235852
 -1408230124 -1408228164 -1408228163 -1408231885 -1408230745 -1408235754
 -1408231456 -1408229983 -1408235013]",2025-08-01 00:00:00+00:00
2025-08-01 00:57:39+00:00,a37fd3,42.375850354210804,-70.89803296466204,215.0,77.12499844038753,1600.0,JBU1337,False,False,False,,3000.0,3150.0,1754009858.87,1754009858.959,"[-1408216312 -1408212262 -1408237262 -1408234023 -1408212209 -1408235852
 -1408230124 -1408228164 -1408228163 -1408231885 -1408230745 -1408235754
 -1408231456 -1408229983 -1408235013]",2025-08-01 00:00:00+00:00
2025-08-01 00:57:40+00:00,a37fd3,42.37605285644531,-70.89658563787287,216.0,77.18399780634132,1536.0,JBU1337,False,False,False,,3025.0,3150.0,1754009859.982,1754009859.982,"[-1408216312 -1408212262 -1408237262 -1408234023 -1408212209 -1408235852
 -1408230124 -1408228164 -1408228163 -1408231885 -1408230745 -1408235754
 -1408231456 -1408229983 -1408235013]",2025-08-01 00:00:00+00:00
2025-08-01 00:57:41+00:00,a37fd3,42.376176219875525,-70.89592512263806,217.0,77.24246783912332,1536.0,JBU1337,False,False,False,,3025.0,3175.0,1754009860.827,1754009860.827,"[-1408216312 -1408212262 -1408237262 -1408234023 -1408212209 -1408235852
 -1408230124 -1408228164 -1408228163 -1408231885 -1408230745 -1408235754
 -1408231456 -1408229983 -1408235013]",2025-08-01 00:00:00+00:00
2025-08-01 00:57:42+00:00,a37fd3,42.37645553330243,-70.89432827261987,219.0,77.04468071873421,1536.0,JBU1337,False,False,False,,3050.0,3175.0,1754009861.887,1754009861.985,"[-1408216312 -1408212262 -1408237262 -1408234023 -1408212209 -1408235852
 -1408230124 -1408228164 -1408228163 -1408231885 -1408230745 -1408235754
 -1408231456 -1408229983 -1408235013]",2025-08-01 00:00:00+00:00
2025-08-01 00:57:43+00:00,a37fd3,42.37664794921875,-70.89315241033381,221.0,77.16118372009919,1536.0,JBU1337,False,False,False,,3075.0,3225.0,1754009862.781,1754009862.944,"[-1408216312 -1408212262 -1408237262 -1408234023 -1408212209 -1408235852
 -1408230124 -1408228164 -1408228163 -1408231885 -1408230745 -1408235754
 -1408231456 -1408229983 -1408235013]",2025-08-01 00:00:00+00:00
2025-08-01 00:57:44+00:00,a37fd3,42.376922607421875,-70.89152943004262,221.0,77.2186660045366,1536.0,JBU1337,False,False,False,,3100.0,3250.0,1754009863.991,1754009863.991,"[-1408216312 -1408237262 -1408234023 -1408212209 -1408235852 -1408230124
 -1408228164 -1408228163 -1408231885 -1408230745 -1408235754 -1408231456
 -1408229983 -1408235013]",2025-08-01 00:00:00+00:00
2025-08-01 00:57:45+00:00,a37fd3,42.37715148925781,-70.890156139027,223.0,77.02466822233775,1536.0,JBU1337,False,False,False,,3125.0,3275.0,1754009864.886,1754009864.949,"[-1408216312 -1408237262 -1408234023 -1408212209 -1408235852 -1408230124
 -1408228164 -1408228163 -1408231885 -1408230745 -1408235754 -1408231456
 -1408229983 -1408235013]",2025-08-01 00:00:00+00:00
2025-08-01 00:57:46+00:00,a37fd3,42.37738037109375,-70.88878284801137,224.0,77.08218715606606,1472.0,JBU1337,False,False,False,,3150.0,3300.0,1754009865.944,1754009865.979,"[-1408216312 -1408228163 -1408237262 -1408231885 -1408234023 -1408230745
 -1408235754 -1408212209 -1408235852 -1408231456 -1408230124 -1408229983
 -1408228164]",2025-08-01 00:00:00+00:00
2025-08-01 00:57:47+00:00,a37fd3,42.377655029296875,-70.88740955699575,225.0,77.13920694090547,1472.0,JBU1337,False,False,False,,3175.0,3325.0,1754009866.888,1754009866.897,"[-1408216312 -1408237262 -1408234023 -1408212209 -1408235852 -1408230124
 -1408228164 -1408228163 -1408231885 -1408230745 -1408235754 -1408231456
 -1408229983 -1408235013]",2025-08-01 00:00:00+00:00
2025-08-01 00:57:48+00:00,a37fd3,42.37788391113281,-70.88603626598012,226.0,76.94833465788872,1536.0,JBU1337,False,False,False,,3200.0,3350.0,1754009867.985,1754009867.987,"[-1408216312 -1408237262 -1408234023 -1408212209 -1408235852 -1408230124
 -1408228164 -1408228163 -1408231885 -1408230745 -1408235754 -1408231456
 -1408229983 -1408235013]",2025-08-01 00:00:00+00:00
2025-08-01 00:57:49+00:00,a37fd3,42.37811279296875,-70.8846629749645,228.0,77.06194368281355,1472.0,JBU1337,False,False,False,,3225.0,3375.0,1754009868.957,1754009868.957,"[-1408216312 -1408237262 -1408234023 -1408212209 -1408235852 -1408230124
 -1408228164 -1408228163 -1408231885 -1408230745 -1408235754 -1408231456
 -1408229983 -1408235013]",2025-08-01 00:00:00+00:00
2025-08-01 00:57:50+00:00,a37fd3,42.378364175052965,-70.88315032249272,229.0,77.1180222101148,1536.0,JBU1337,False,False,False,,3250.0,3400.0,1754009869.983,1754009869.983,"[-1408216312 -1408237262 -1408234023 -1408212209 -1408235852 -1408230124
 -1408228164 -1408228163 -1408231885 -1408230745 -1408235754 -1408231456
 -1408229983 -1408235013]",2025-08-01 00:00:00+00:00
2025-08-01 00:57:51+00:00,a37fd3,42.378596936242054,-70.88174509447674,230.0,76.93068210371783,1536.0,JBU1337,False,False,False,,3275.0,3425.0,1754009870.994,1754009870.994,"[-1408216312 -1408237262 -1408234023 -1408212209 -1408235852 -1408230124
 -1408228164 -1408228163 -1408231885 -1408230745 -1408235754 -1408231456
 -1408229983 -1408235013]",2025-08-01 00:00:00+00:00
2025-08-01 00:57:52+00:00,a37fd3,42.37887624966896,-70.88033986646076,231.0,76.98678672074136,1536.0,JBU1337,False,False,False,,3300.0,3450.0,1754009871.995,1754009871.995,"[-1408216312 -1408212262 -1408237262 -1408234023 -1408212209 -1408235852
 -1408230124 -1408228164 -1408228163 -1408231885 -1408230745 -1408235754
 -1408231456 -1408229983 -1408235013]",2025-08-01 00:00:00+00:00
2025-08-01 00:57:53+00:00,a37fd3,42.379119873046875,-70.87873285466975,232.0,77.04241990590687,1472.0,JBU1337,False,False,False,,3350.0,3475.0,1754009872.998,1754009872.998,"[-1408216312 -1408212262 -1408237262 -1408234023 -1408212209 -1408235852
 -1408230124 -1408228164 -1408228163 -1408231885 -1408230745 -1408235754
 -1408231456 -1408229983 -1408235013]",2025-08-01 00:00:00+00:00
2025-08-01 00:57:54+00:00,a37fd3,42.37934875488281,-70.87735956365412,233.0,76.85799889132785,1472.0,JBU1337,False,False,False,,3350.0,3500.0,1754009873.988,1754009873.988,"[-1408216312 -1408212262 -1408237262 -1408234023 -1408212209 -1408235852
 -1408230124 -1408228164 -1408228163 -1408231885 -1408230745 -1408231456
 -1408229983 -1408235013]",2025-08-01 00:00:00+00:00
2025-08-01 00:57:55+00:00,a37fd3,42.379486083984375,-70.87648565118963,235.0,76.9688425373277,1472.0,JBU1337,False,False,False,,3375.0,3525.0,1754009874.754,1754009874.934,"[-1408216312 -1408212262 -1408237262 -1408234023 -1408212209 -1408235852
 -1408230124 -1408228164 -1408228163 -1408231885 -1408230745 -1408231456
 -1408229983 -1408235013]",2025-08-01 00:00:00+00:00
2025-08-01 00:57:56+00:00,a37fd3,42.3797607421875,-70.87504993785512,236.0,77.02357811998795,1472.0,JBU1337,False,False,False,,3400.0,3550.0,1754009875.913,1754009875.966,"[-1408216312 -1408212262 -1408237262 -1408234023 -1408212209 -1408235852
 -1408230124 -1408228164 -1408228163 -1408231885 -1408230745 -1408231456
 -1408229983 -1408235013]",2025-08-01 00:00:00+00:00
2025-08-01 00:57:57+00:00,a37fd3,42.38004005561441,-70.87344147438222,237.0,76.8424572599852,1472.0,JBU1337,False,False,False,,3425.0,3575.0,1754009876.985,1754009876.985,"[-1408216312 -1408212262 -1408237262 -1408234023 -1408212209 -1408230161
 -1408235852 -1408230124 -1408228164 -1408228163 -1408231885 -1408230745
 -1408231456 -1408229983 -1408235013]",2025-08-01 00:00:00+00:00
2025-08-01 00:57:58+00:00,a37fd3,42.38026428222656,-70.87217851118606,238.0,76.89721005873756,1472.0,JBU1337,False,False,False,,3450.0,3600.0,1754009877.872,1754009877.872,"[-1408216312 -1408212262 -1408237262 -1408234023 -1408212209 -1408230161
 -1408235852 -1408230124 -1408228164 -1408228163 -1408231885 -1408230745
 -1408231456 -1408229983 -1408235013]",2025-08-01 00:00:00+00:00
2025-08-01 00:57:59+00:00,a37fd3,42.3804931640625,-70.87068037553269,239.0,76.95151693171333,1536.0,JBU1337,False,False,False,,3475.0,3625.0,1754009878.741,1754009878.997,"[-1408216312 -1408212262 -1408237262 -1408234023 -1408212209 -1408230161
 -1408235852 -1408230124 -1408228164 -1408228163 -1408231885 -1408230745
 -1408231456 -1408229983 -1408235013]",2025-08-01 00:00:00+00:00
2025-08-01 00:58:00+00:00,a37fd3,42.380767822265625,-70.86924466219818,240.0,77.0053832080835,1536.0,JBU1337,False,False,False,,3500.0,3650.0,1754009879.982,1754009879.982,"[-1408216312 -1408212262 -1408237262 -1408234023 -1408212209 -1408230161
 -1408235852 -1408230124 -1408228164 -1408228163 -1408231885 -1408230745
 -1408231456 -1408229983 -1408235013]",2025-08-01 00:00:00+00:00
2025-08-01 00:58:01+00:00,a37fd3,42.38101765260858,-70.86762894031614,242.0,76.88132820348773,1536.0,JBU1337,False,False,False,,3525.0,3675.0,1754009880.923,1754009880.961,"[-1408216312 -1408212262 -1408237262 -1408234023 -1408212209 -1408230161
 -1408235852 -1408230124 -1408228164 -1408228163 -1408231885 -1408230745
 -1408231456 -1408229983 -1408235013]",2025-08-01 00:00:00+00:00
2025-08-01 00:58:02+00:00,a37fd3,42.38127136230469,-70.86631081321025,243.0,76.93477846315268,1536.0,JBU1337,False,False,False,,3550.0,3700.0,1754009881.821,1754009881.992,"[-1408216312 -1408212262 -1408237262 -1408234023 -1408212209 -1408230161
 -1408235852 -1408230124 -1408228164 -1408228163 -1408231885 -1408230745
 -1408231456 -1408229983]",2025-08-01 00:00:00+00:00
2025-08-01 00:58:03+00:00,a37fd3,42.381529727224574,-70.86462686228197,244.0,76.98780242326764,1536.0,JBU1337,False,False,False,,3575.0,3725.0,1754009882.937,1754009882.978,"[-1408216312 -1408212262 -1408237262 -1408234023 -1408212209 -1408230161
 -1408235852 -1408230124 -1408228164 -1408228163 -1408231885 -1408230745
 -1408231456 -1408229983]",2025-08-01 00:00:00+00:00
2025-08-01 00:58:04+00:00,a37fd3,42.38177490234375,-70.86331454190343,245.0,77.04040507383986,1536.0,JBU1337,False,False,False,,3600.0,3775.0,1754009883.827,1754009883.851,"[-1408216312 -1408212262 -1408237262 -1408234023 -1408212209 -1408230161
 -1408235852 -1408230124 -1408228164 -1408228163 -1408231885 -1408230745
 -1408231456 -1408229983]",2025-08-01 00:00:00+00:00
2025-08-01 00:58:05+00:00,a37fd3,42.38199524960275,-70.86194415425143,246.0,76.86597769360368,1536.0,JBU1337,False,False,False,,3625.0,3775.0,1754009884.831,1754009884.859,"[-1408216312 -1408212262 -1408237262 -1408234023 -1408212209 -1408230161
 -1408235852 -1408230124 -1408228164 -1408228163 -1408231885 -1408230745
 -1408231456 -1408229983]",2025-08-01 00:00:00+00:00
2025-08-01 00:58:06+00:00,a37fd3,42.38236999511719,-70.85969404740769,247.0,76.91859778594572,1600.0,JBU1337,False,False,False,,3650.0,3800.0,1754009885.995,1754009885.995,"[-1408216312 -1408212262 -1408237262 -1408234023 -1408212209 -1408230161
 -1408235852 -1408230124 -1408228164 -1408228163 -1408231885 -1408230745
 -1408231456 -1408229983]",2025-08-01 00:00:00+00:00
2025-08-01 00:58:07+00:00,a37fd3,42.3826469809322,-70.85830333620999,248.0,76.97080519205625,1664.0,JBU1337,False,False,False,,3675.0,3825.0,1754009886.976,1754009886.976,"[-1408216312 -1408212262 -1408237262 -1408234023 -1408212209 -1408230161
 -1408235852 -1408230124 -1408228164 -1408228163 -1408231885 -1408230745
 -1408231456 -1408229983]",2025-08-01 00:00:00+00:00
2025-08-01 00:58:08+00:00,a37fd3,42.38287974212129,-70.85683423419329,249.0,77.02260466218259,1728.0,JBU1337,False,False,False,,3725.0,3875.0,1754009887.941,1754009887.964,"[-1408216312 -1408212262 -1408237262 -1408234023 -1408212209 -1408230161
 -1408235852 -1408230124 -1408228164 -1408228163 -1408231885 -1408230745
 -1408231456 -1408229983]",2025-08-01 00:00:00+00:00
2025-08-01 00:58:09+00:00,a37fd3,42.3831590555482,-70.85530125817587,250.0,77.07400087529405,1856.0,JBU1337,False,False,False,,3750.0,3925.0,1754009888.99,1754009888.99,"[-1408216312 -1408212262 -1408237262 -1408234023 -1408212209 -1408230161
 -1408235852 -1408230124 -1408228164 -1408228163 -1408231885 -1408230745
 -1408231456 -1408229983]",2025-08-01 00:00:00+00:00
2025-08-01 00:58:10+00:00,a37fd3,42.38339181673729,-70.8537682821584,252.0,76.90294747780911,1984.0,JBU1337,False,False,False,,3775.0,3900.0,1754009889.904,1754009889.904,"[-1408216312 -1408212262 -1408237262 -1408234023 -1408212209 -1408230161
 -1408235852 -1408230124 -1408228164 -1408228163 -1408231885 -1408230745
 -1408231456 -1408229983]",2025-08-01 00:00:00+00:00
2025-08-01 00:58:11+00:00,a37fd3,42.383671130164196,-70.85223530614098,252.0,76.90294747780911,2048.0,JBU1337,False,False,False,,3825.0,4000.0,1754009890.987,1754009890.987,"[-1408216312 -1408212262 -1408228163 -1408237262 -1408234023 -1408230745
 -1408212209 -1408230161 -1408235852 -1408231456 -1408230124 -1408229983
 -1408228164]",2025-08-01 00:00:00+00:00
2025-08-01 00:58:12+00:00,a37fd3,42.38392639160156,-70.850830078125,253.0,76.9543629370514,2176.0,JBU1337,False,False,False,,3850.0,4025.0,1754009891.947,1754009891.947,"[-1408216312 -1408212262 -1408228163 -1408237262 -1408234023 -1408230745
 -1408212209 -1408230161 -1408235852 -1408231456 -1408230124 -1408229983
 -1408228164]",2025-08-01 00:00:00+00:00
2025-08-01 00:58:13+00:00,a37fd3,42.384183204780186,-70.8491693541061,253.0,77.0053832080835,2240.0,JBU1337,False,False,False,,3875.0,4050.0,1754009892.968,1754009892.968,"[-1408216312 -1408212262 -1408228163 -1408237262 -1408234023 -1408230745
 -1408212209 -1408230161 -1408235852 -1408231456 -1408230124 -1408229983
 -1408228164]",2025-08-01 00:00:00+00:00
2025-08-01 00:58:14+00:00,a37fd3,42.38433837890625,-70.84833318536931,253.0,77.0053832080835,2304.0,JBU1337,False,False,False,,3900.0,4075.0,1754009893.753,1754009893.797,"[-1408216312 -1408212262 -1408228163 -1408237262 -1408234023 -1408230745
 -1408212209 -1408230161 -1408235852 -1408231456 -1408230124 -1408229983
 -1408228164]",2025-08-01 00:00:00+00:00
2025-08-01 00:58:15+00:00,a37fd3,42.38470458984375,-70.846210826527,254.0,77.05601274970363,2304.0,JBU1337,False,False,False,,3950.0,4125.0,1754009894.937,1754009894.937,"[-1408216312 -1408212262 -1408228163 -1408237262 -1408234023 -1408230745
 -1408212209 -1408230161 -1408235852 -1408231456 -1408230124 -1408229983
 -1408228164]",2025-08-01 00:00:00+00:00
2025-08-01 00:58:16+00:00,a37fd3,42.38492804058527,-70.84482592205666,255.0,76.83676751030052,2368.0,JBU1337,False,False,False,,4000.0,4175.0,1754009895.81,1754009895.81,"[-1408216312 -1408212262 -1408228163 -1408237262 -1408234023 -1408230745
 -1408212209 -1408230161 -1408235852 -1408231456 -1408230124 -1408229983
 -1408228164]",2025-08-01 00:00:00+00:00
2025-08-01 00:58:17+00:00,a37fd3,42.38520812988281,-70.84340182217687,255.0,76.83676751030052,2432.0,JBU1337,False,False,False,,4025.0,4200.0,1754009896.916,1754009896.916,"[-1408216312 -1408212262 -1408228163 -1408237262 -1408234023 -1408230745
 -1408212209 -1408230161 -1408235852 -1408231456 -1408230124 -1408229983
 -1408228164]",2025-08-01 00:00:00+00:00
2025-08-01 00:58:18+00:00,a37fd3,42.38548278808594,-70.84184126420456,255.0,76.61791398146286,2496.0,JBU1337,False,False,False,,4075.0,4225.0,1754009897.984,1754009897.994,"[-1408216312 -1408212262 -1408237262 -1408234023 -1408212209 -1408230161
 -1408235852 -1408230124 -1408228164 -1408228163 -1408231885 -1408230745
 -1408231456 -1408229983]",2025-08-01 00:00:00+00:00
2025-08-01 00:58:19+00:00,a37fd3,42.38576598086599,-70.84016312000364,255.0,76.181403270629,2496.0,JBU1337,False,False,False,,4125.0,4300.0,1754009898.934,1754009898.934,"[-1408216312 -1408212262 -1408237262 -1408234023 -1408212209 -1408230161
 -1408235852 -1408230124 -1408228164 -1408228163 -1408231885 -1408230745
 -1408231456 -1408229983]",2025-08-01 00:00:00+00:00
2025-08-01 00:58:20+00:00,a37fd3,42.3860452942929,-70.83863014398617,256.0,75.74652239001242,2560.0,JBU1337,False,False,False,,4150.0,4300.0,1754009899.928,1754009900.0,"[-1408216312 -1408212262 -1408237262 -1408234023 -1408212209 -1408230161
 -1408235852 -1408230124 -1408228164 -1408228163 -1408231885 -1408230745
 -1408231456 -1408229983]",2025-08-01 00:00:00+00:00
2025-08-01 00:58:21+00:00,a37fd3,42.386371159957626,-70.83703329396798,256.0,74.82342241226094,2560.0,JBU1337,False,False,False,,4200.0,4350.0,1754009900.948,1754009901.0,"[-1408216312 -1408212262 -1408237262 -1408234023 -1408212209 -1408230161
 -1408235852 -1408230124 -1408228164 -1408228163 -1408231885 -1408230745
 -1408231456 -1408229983]",2025-08-01 00:00:00+00:00
2025-08-01 00:58:22+00:00,a37fd3,42.38671875,-70.83534934303975,256.0,73.90091407200153,2560.0,JBU1337,False,False,False,,4250.0,4400.0,1754009901.983,1754009901.994,"[-1408216312 -1408212262 -1408237262 -1408234023 -1408212209 -1408230161
 -1408235852 -1408230124 -1408228164 -1408228163 -1408231885 -1408230745
 -1408231456 -1408229983]",2025-08-01 00:00:00+00:00
2025-08-01 00:58:23+00:00,a37fd3,42.38711599576271,-70.83371184593022,256.0,72.97947438848014,2624.0,JBU1337,False,False,False,,4300.0,4475.0,1754009902.987,1754009902.987,"[-1408216312 -1408212262 -1408237262 -1408234023 -1408212209 -1408230161
 -1408235852 -1408230124 -1408228164 -1408228163 -1408231885 -1408230745
 -1408231456 -1408229983]",2025-08-01 00:00:00+00:00
2025-08-01 00:58:24+00:00,a37fd3,42.387451171875,-70.83229064941406,256.0,72.05957706753917,2624.0,JBU1337,False,False,False,,4325.0,4475.0,1754009903.868,1754009903.868,"[-1408216312 -1408212262 -1408237262 -1408234023 -1408212209 -1408230161
 -1408235852 -1408230124 -1408228164 -1408228163 -1408231885 -1408230745
 -1408231456 -1408229983]",2025-08-01 00:00:00+00:00
2025-08-01 00:58:25+00:00,a37fd3,42.38790738380561,-70.83064589389534,256.0,70.85773180853373,2688.0,JBU1337,False,False,False,,4375.0,4550.0,1754009904.981,1754009904.981,"[-1408216312 -1408212262 -1408237262 -1408234023 -1408212209 -1408230161
 -1408235852 -1408230124 -1408228164 -1408228163 -1408231885 -1408230745
 -1408231456 -1408229983]",2025-08-01 00:00:00+00:00
2025-08-01 00:58:26+00:00,a37fd3,42.388275146484375,-70.82929437810725,257.0,69.7310838458632,2688.0,JBU1337,False,False,False,,4425.0,4600.0,1754009905.975,1754009905.975,"[-1408216312 -1408212262 -1408237262 -1408234023 -1408212209 -1408230161
 -1408235852 -1408230124 -1408228164 -1408228163 -1408231885 -1408230745
 -1408231456 -1408229983]",2025-08-01 00:00:00+00:00
2025-08-01 00:58:27+00:00,a37fd3,42.38873291015625,-70.82779624245381,257.0,68.32269670116987,2752.0,JBU1337,False,False,False,,4450.0,4625.0,1754009906.976,1754009906.976,"[-1408216312 -1408212262 -1408237262 -1408234023 -1408212209 -1408230161
 -1408235852 -1408230124 -1408228164 -1408228163 -1408231885 -1408230745
 -1408231456 -1408229983]",2025-08-01 00:00:00+00:00
2025-08-01 00:58:28+00:00,a37fd3,42.38925739870233,-70.82617471384447,257.0,67.12312819534525,2752.0,JBU1337,False,False,False,,4500.0,4675.0,1754009907.92,1754009907.92,"[-1408216312 -1408212262 -1408237262 -1408234023 -1408212209 -1408230161
 -1408235852 -1408230124 -1408228164 -1408228163 -1408231885 -1408230745
 -1408231456 -1408229983]",2025-08-01 00:00:00+00:00
2025-08-01 00:58:29+00:00,a37fd3,42.38978576660156,-70.82461270419037,256.0,65.83337015701451,2752.0,JBU1337,False,False,False,,4550.0,4700.0,1754009908.958,1754009908.958,"[-1408216312 -1408212262 -1408237262 -1408234023 -1408212209 -1408230161
 -1408235852 -1408230124 -1408228164 -1408228163 -1408231885 -1408230745
 -1408231456 -1408229983]",2025-08-01 00:00:00+00:00
2025-08-01 00:58:30+00:00,a37fd3,42.3902349956965,-70.82330038381173,257.0,64.43129671942694,2816.0,JBU1337,False,False,False,,4600.0,4775.0,1754009909.941,1754009909.941,"[-1408216312 -1408212262 -1408237262 -1408234023 -1408212209 -1408230161
 -1408235852 -1408230124 -1408228164 -1408228163 -1408231885 -1408230745
 -1408235754 -1408231456 -1408229983]",2025-08-01 00:00:00+00:00
2025-08-01 00:58:31+00:00,a37fd3,42.39079362255032,-70.82183128179503,257.0,63.13549625590539,2816.0,JBU1337,False,False,False,,4650.0,4825.0,1754009910.954,1754009910.954,"[-1408216312 -1408212262 -1408237262 -1408234023 -1408212209 -1408230161
 -1408235852 -1408230124 -1408228164 -1408228163 -1408231885 -1408230745
 -1408235754 -1408231456 -1408229983]",2025-08-01 00:00:00+00:00
2025-08-01 00:58:32+00:00,a37fd3,42.39129638671875,-70.82061767578125,257.0,61.63880567042629,2816.0,JBU1337,False,False,False,,4675.0,4850.0,1754009911.961,1754009911.961,"[-1408216312 -1408212262 -1408237262 -1408234023 -1408212209 -1408230161
 -1408235852 -1408230124 -1408228164 -1408228163 -1408231885 -1408230745
 -1408235754 -1408231456 -1408229983]",2025-08-01 00:00:00+00:00
2025-08-01 00:58:33+00:00,a37fd3,42.39195742849576,-70.81908469976378,257.0,60.44831183244685,2816.0,JBU1337,False,False,False,,4725.0,4900.0,1754009912.991,1754009912.991,"[-1408216312 -1408212262 -1408237262 -1408234023 -1408212209 -1408230161
 -1408235852 -1408230124 -1408228164 -1408228163 -1408231885 -1408230745
 -1408235754 -1408231456 -1408229983]",2025-08-01 00:00:00+00:00
2025-08-01 00:58:34+00:00,a37fd3,42.392329846398304,-70.81825433775435,257.0,59.1507585309924,2752.0,JBU1337,False,False,False,,4750.0,4925.0,1754009913.909,1754009913.909,"[-1408216312 -1408212262 -1408237262 -1408234023 -1408212209 -1408230161
 -1408235852 -1408230124 -1408228164 -1408228163 -1408230745 -1408235754
 -1408231456 -1408229983]",2025-08-01 00:00:00+00:00
2025-08-01 00:58:35+00:00,a37fd3,42.393035888671875,-70.81674749200994,257.0,57.73429079534761,2752.0,JBU1337,False,False,False,,4825.0,5000.0,1754009914.955,1754009914.955,"[-1408216312 -1408212262 -1408234010 -1408237262 -1408234023 -1408212209
 -1408230161 -1408235852 -1408230124 -1408228164 -1408228163 -1408230745
 -1408235754 -1408231456 -1408229983]",2025-08-01 00:00:00+00:00
2025-08-01 00:58:36+00:00,a37fd3,42.393951416015625,-70.81487482244319,257.0,56.24819135620129,2752.0,JBU1337,False,False,False,,4875.0,5025.0,1754009915.985,1754009915.985,"[-1408216312 -1408212262 -1408234010 -1408237262 -1408234023 -1408212209
 -1408230161 -1408235852 -1408230124 -1408228164 -1408228163 -1408230745
 -1408235754 -1408231456 -1408229983]",2025-08-01 00:00:00+00:00
2025-08-01 00:58:37+00:00,a37fd3,42.39433159262447,-70.81423027570855,258.0,54.95334302889268,2688.0,JBU1337,False,False,False,,4900.0,5100.0,1754009916.736,1754009916.947,"[-1408216312 -1408212262 -1408234010 -1408237262 -1408234023 -1408212209
 -1408230161 -1408235852 -1408230124 -1408228164 -1408228163 -1408230745
 -1408235754 -1408231456 -1408229983]",2025-08-01 00:00:00+00:00
2025-08-01 00:58:38+00:00,a37fd3,42.39509582519531,-70.81281488591975,258.0,54.95334302889268,2688.0,JBU1337,False,False,False,,4950.0,5125.0,1754009917.983,1754009917.983,"[-1408216312 -1408212262 -1408234010 -1408237262 -1408234023 -1408212209
 -1408230161 -1408235852 -1408230124 -1408228164 -1408228163 -1408230745
 -1408235754 -1408231456 -1408229983]",2025-08-01 00:00:00+00:00
2025-08-01 00:58:39+00:00,a37fd3,42.39591436871027,-70.81141981967659,257.0,52.10548147768019,2688.0,JBU1337,False,False,False,,5000.0,5200.0,1754009918.986,1754009918.986,"[-1408216312 -1408212262 -1408234010 -1408237262 -1408234023 -1408212209
 -1408230161 -1408235852 -1408230124 -1408228164 -1408228163 -1408230745
 -1408235754 -1408231456 -1408229983]",2025-08-01 00:00:00+00:00
2025-08-01 00:58:40+00:00,a37fd3,42.3966064453125,-70.81031799316406,258.0,50.507362029752905,2688.0,JBU1337,False,False,False,,5025.0,5200.0,1754009919.995,1754009919.995,"[-1408216312 -1408234010 -1408237262 -1408234023 -1408212209 -1408230161
 -1408235852 -1408230124 -1408228164 -1408228163 -1408230745 -1408235754
 -1408231456 -1408229983]",2025-08-01 00:00:00+00:00
2025-08-01 00:58:41+00:00,a37fd3,42.39738464355469,-70.80906954678625,258.0,49.08561677997487,2688.0,JBU1337,False,False,False,,5075.0,5275.0,1754009920.815,1754009920.933,"[-1408216312 -1408234010 -1408237262 -1408234023 -1408212209 -1408230161
 -1408235852 -1408230124 -1408228164 -1408228163 -1408230745 -1408235754
 -1408231456 -1408229983]",2025-08-01 00:00:00+00:00
2025-08-01 00:58:42+00:00,a37fd3,42.39824198060116,-70.80777900163514,258.0,47.66664345024515,2688.0,JBU1337,False,False,False,,5125.0,5325.0,1754009921.908,1754009921.918,"[-1408216312 -1408234010 -1408237262 -1408234023 -1408212209 -1408230161
 -1408235852 -1408230124 -1408228164 -1408228163 -1408230745 -1408235754
 -1408231456 -1408229983]",2025-08-01 00:00:00+00:00
2025-08-01 00:58:43+00:00,a37fd3,42.39907992088188,-70.80662926962208,258.0,46.09868848317076,2688.0,JBU1337,False,False,False,,5175.0,5375.0,1754009922.935,1754009922.935,"[-1408216312 -1408234010 -1408237262 -1408234023 -1408212209 -1408230161
 -1408235852 -1408230124 -1408228164 -1408228163 -1408230745 -1408235754
 -1408231456 -1408229983]",2025-08-01 00:00:00+00:00
2025-08-01 00:58:44+00:00,a37fd3,42.40003967285156,-70.80538662997162,258.0,44.84302565436219,2752.0,JBU1337,False,False,False,,5225.0,5400.0,1754009923.819,1754009923.934,"[-1408216312 -1408234010 -1408237262 -1408234023 -1408212209 -1408230161
 -1408235852 -1408230124 -1408228164 -1408228163 -1408230745 -1408235754
 -1408231456 -1408229983]",2025-08-01 00:00:00+00:00
2025-08-01 00:58:45+00:00,a37fd3,42.400909423828125,-70.80426302823156,258.0,43.587513569164095,2752.0,JBU1337,False,False,False,,5275.0,5475.0,1754009924.956,1754009924.96,"[-1408216312 -1408234010 -1408237262 -1408234023 -1408212209 -1408230161
 -1408235852 -1408230124 -1408228164 -1408228163 -1408230745 -1408231456
 -1408229983 -1408205968]",2025-08-01 00:00:00+00:00
2025-08-01 00:58:46+00:00,a37fd3,42.40177917480469,-70.80320184881037,258.0,42.33335654975485,2752.0,JBU1337,False,False,False,,5300.0,5500.0,1754009925.972,1754009925.972,"[-1408216312 -1408234010 -1408237262 -1408234023 -1408212209 -1408230161
 -1408235852 -1408230124 -1408228164 -1408228163 -1408230745 -1408231456
 -1408229983 -1408205968]",2025-08-01 00:00:00+00:00
2025-08-01 00:58:47+00:00,a37fd3,42.40269470214844,-70.80214066938919,259.0,41.39434832608775,2752.0,JBU1337,False,False,False,,5350.0,5550.0,1754009926.936,1754009926.969,"[-1408216312 -1408234010 -1408237262 -1408234023 -1408212209 -1408230161
 -1408235852 -1408230124 -1408228164 -1408228163 -1408230745 -1408231456
 -1408229983 -1408205968]",2025-08-01 00:00:00+00:00
2025-08-01 00:58:48+00:00,a37fd3,42.403688592425844,-70.80094448355737,259.0,40.45727539361708,2752.0,JBU1337,False,False,False,,5400.0,5600.0,1754009927.948,1754009927.948,"[-1408216312 -1408234010 -1408237262 -1408234023 -1408212209 -1408230161
 -1408235852 -1408230124 -1408228164 -1408228163 -1408230745 -1408231456
 -1408229983 -1408205968]",2025-08-01 00:00:00+00:00
2025-08-01 00:58:49+00:00,a37fd3,42.40470886230469,-70.79983104359019,259.0,39.83387928142083,2752.0,JBU1337,False,False,False,,5450.0,5625.0,1754009928.972,1754009928.972,"[-1408216312 -1408234010 -1408237262 -1408234023 -1408212209 -1408230161
 -1408235852 -1408230124 -1408228164 -1408228163 -1408230745 -1408231456
 -1408229983 -1408205968]",2025-08-01 00:00:00+00:00
2025-08-01 00:58:50+00:00,a37fd3,42.40517826403602,-70.79934763353924,259.0,39.040160889286945,2752.0,JBU1337,False,False,False,,5475.0,5675.0,1754009929.717,1754009929.905,"[-1408216312 -1408234010 -1408237262 -1408234023 -1408212209 -1408230161
 -1408235852 -1408230124 -1408228164 -1408228163 -1408230745 -1408231456
 -1408229983 -1408205968]",2025-08-01 00:00:00+00:00
2025-08-01 00:58:51+00:00,a37fd3,42.406109308792374,-70.79832564952761,260.0,38.59090175752999,2688.0,JBU1337,False,False,False,,5525.0,5725.0,1754009930.885,1754009930.908,"[-1408216312 -1408234010 -1408237262 -1408234023 -1408212209 -1408230161
 -1408235852 -1408230124 -1408228164 -1408228163 -1408230745 -1408231456
 -1408229983 -1408205968]",2025-08-01 00:00:00+00:00
2025-08-01 00:58:52+00:00,a37fd3,42.40718078613281,-70.79720930619675,259.0,38.10757687751486,2752.0,JBU1337,False,False,False,,5575.0,5775.0,1754009931.849,1754009931.931,"[-1408216312 -1408234010 -1408237262 -1408234023 -1408212209 -1408230161
 -1408235852 -1408230124 -1408228164 -1408228163 -1408230745 -1408231456
 -1408229983 -1408205968]",2025-08-01 00:00:00+00:00
2025-08-01 00:58:53+00:00,a37fd3,42.40820415949417,-70.79615393350286,259.0,37.622580968809054,2752.0,JBU1337,False,False,False,,5625.0,5825.0,1754009932.946,1754009932.946,"[-1408216312 -1408212262 -1408234010 -1408237262 -1408234023 -1408212209
 -1408230161 -1408235852 -1408230124 -1408228164 -1408228163 -1408230745
 -1408231456 -1408229983 -1408205968]",2025-08-01 00:00:00+00:00
2025-08-01 00:58:54+00:00,a37fd3,42.409181756488344,-70.79513194949124,260.0,37.178647895625055,2752.0,JBU1337,False,False,False,,5650.0,5850.0,1754009933.928,1754009933.928,"[-1408216312 -1408212262 -1408234010 -1408237262 -1408234023 -1408212209
 -1408230161 -1408235852 -1408230124 -1408228164 -1408228163 -1408230745
 -1408231456 -1408229983 -1408205968]",2025-08-01 00:00:00+00:00
2025-08-01 00:58:55+00:00,a37fd3,42.410247802734375,-70.79408819025213,260.0,36.86989764584402,2752.0,JBU1337,False,False,False,,5700.0,5900.0,1754009934.934,1754009934.936,"[-1408216312 -1408212262 -1408234010 -1408237262 -1408234023 -1408212209
 -1408230161 -1408235852 -1408230124 -1408228164 -1408228163 -1408230745
 -1408231456 -1408229983 -1408205968]",2025-08-01 00:00:00+00:00
2025-08-01 00:58:56+00:00,a37fd3,42.411090398238876,-70.79321572946947,259.0,36.693195724913856,2752.0,JBU1337,False,False,False,,5750.0,5950.0,1754009935.898,1754009935.898,"[-1408216312 -1408212262 -1408234010 -1408237262 -1408234023 -1408212209
 -1408230161 -1408235852 -1408230124 -1408228164 -1408228163 -1408231885
 -1408230745 -1408231456 -1408229983 -1408205968]",2025-08-01 00:00:00+00:00
2025-08-01 00:58:57+00:00,a37fd3,42.41217041015625,-70.7921530983665,260.0,36.384351815835885,2752.0,JBU1337,False,False,False,,5800.0,6000.0,1754009936.933,1754009936.933,"[-1408216312 -1408212262 -1408234010 -1408237262 -1408234023 -1408212209
 -1408230161 -1408235852 -1408230124 -1408228164 -1408228163 -1408231885
 -1408230745 -1408231456 -1408229983 -1408205968]",2025-08-01 00:00:00+00:00
2025-08-01 00:58:58+00:00,a37fd3,42.41304559222722,-70.79129950944764,260.0,36.25383773744479,2752.0,JBU1337,False,False,False,,5850.0,6075.0,1754009937.967,1754009937.968,"[-1408216312 -1408212262 -1408234010 -1408237262 -1408234023 -1408212209
 -1408230161 -1408235852 -1408230124 -1408228164 -1408228163 -1408231885
 -1408230745 -1408231456 -1408229983 -1408205968]",2025-08-01 00:00:00+00:00
2025-08-01 00:58:59+00:00,a37fd3,42.414093017578125,-70.79021800648081,261.0,35.94656133782623,2752.0,JBU1337,False,False,False,,5875.0,6075.0,1754009938.904,1754009938.904,"[-1408216312 -1408212262 -1408234010 -1408237262 -1408234023 -1408212209
 -1408230161 -1408235852 -1408230124 -1408228164 -1408228163 -1408231885
 -1408230745 -1408231456 -1408229983 -1408205968]",2025-08-01 00:00:00+00:00
2025-08-01 00:59:00+00:00,a37fd3,42.41510009765625,-70.78928167169744,261.0,35.94656133782623,2752.0,JBU1337,False,False,False,,5925.0,6150.0,1754009939.94,1754009939.984,"[-1408216312 -1408212262 -1408234010 -1408237262 -1408234023 -1408212209
 -1408230161 -1408235852 -1408230124 -1408228164 -1408228163 -1408231885
 -1408230745 -1408231456 -1408229983 -1408205968]",2025-08-01 00:00:00+00:00
2025-08-01 00:59:01+00:00,a37fd3,42.41597838320974,-70.78842517941496,261.0,35.63980919808667,2752.0,JBU1337,False,False,False,,5975.0,6200.0,1754009940.834,1754009940.926,"[-1408216312 -1408212262 -1408234010 -1408237262 -1408234023 -1408212209
 -1408230161 -1408235852 -1408230124 -1408228164 -1408228163 -1408231885
 -1408230745 -1408231456 -1408229983 -1408216313 -1408205968]",2025-08-01 00:00:00+00:00
2025-08-01 00:59:02+00:00,a37fd3,42.416955980203916,-70.78746706940404,261.0,35.63980919808667,2752.0,JBU1337,False,False,False,,6025.0,6250.0,1754009941.907,1754009941.918,"[-1408216312 -1408212262 -1408234010 -1408237262 -1408234023 -1408212209
 -1408230161 -1408235852 -1408230124 -1408228164 -1408228163 -1408231885
 -1408230745 -1408231456 -1408229983 -1408216313 -1408205968]",2025-08-01 00:00:00+00:00
2025-08-01 00:59:03+00:00,a37fd3,42.4178466796875,-70.78659751198506,261.0,35.63980919808667,2816.0,JBU1337,False,False,False,,6050.0,6275.0,1754009942.785,1754009942.99,"[-1408216312 -1408212262 -1408234010 -1408237262 -1408234023 -1408212209
 -1408230161 -1408235852 -1408230124 -1408228164 -1408228163 -1408231885
 -1408230745 -1408231456 -1408229983 -1408216313 -1408205968]",2025-08-01 00:00:00+00:00
2025-08-01 00:59:04+00:00,a37fd3,42.41891117419227,-70.78555084938222,262.0,35.51222431541114,2752.0,JBU1337,False,False,False,,6100.0,6325.0,1754009943.917,1754009943.943,"[-1408216312 -1408212262 -1408234010 -1408237262 -1408234023 -1408212209
 -1408230161 -1408235852 -1408230124 -1408228164 -1408228163 -1408231885
 -1408230745 -1408231456 -1408229983 -1408216313 -1408205968]",2025-08-01 00:00:00+00:00
2025-08-01 00:59:05+00:00,a37fd3,42.419888771186436,-70.78465661337208,262.0,35.51222431541114,2752.0,JBU1337,False,False,False,,6150.0,6375.0,1754009944.988,1754009944.988,"[-1408216312 -1408212262 -1408234010 -1408237262 -1408234023 -1408212209
 -1408230161 -1408235852 -1408230124 -1408228164 -1408228163 -1408231885
 -1408230745 -1408231456 -1408229983 -1408216313 -1408205968]",2025-08-01 00:00:00+00:00
2025-08-01 00:59:06+00:00,a37fd3,42.4207763671875,-70.78378850763494,262.0,35.51222431541114,2688.0,JBU1337,False,False,False,,6175.0,6375.0,1754009945.93,1754009945.965,"[-1408216312 -1408212262 -1408234010 -1408237262 -1408234023 -1408212209
 -1408230161 -1408235852 -1408230124 -1408228164 -1408228163 -1408231885
 -1408230745 -1408231456 -1408229983 -1408216313 -1408205968]",2025-08-01 00:00:00+00:00
2025-08-01 00:59:07+00:00,a37fd3,42.421875,-70.78272732821381,262.0,35.38543072909905,2688.0,JBU1337,False,False,False,,6225.0,6450.0,1754009946.937,1754009946.937,"[-1408216312 -1408212262 -1408234010 -1408237262 -1408234023 -1408212209
 -1408230161 -1408235852 -1408230124 -1408228164 -1408228163 -1408231885
 -1408230745 -1408231456 -1408229983 -1408216313 -1408205968]",2025-08-01 00:00:00+00:00
2025-08-01 00:59:08+00:00,a37fd3,42.422868114406775,-70.78178228333934,262.0,35.20707998124408,2624.0,JBU1337,False,False,False,,6275.0,6500.0,1754009947.824,1754009947.824,"[-1408216312 -1408234010 -1408237262 -1408234023 -1408212209 -1408230161
 -1408235852 -1408230124 -1408228164 -1408228163 -1408231885 -1408230745
 -1408231456 -1408229983 -1408216313 -1408205968]",2025-08-01 00:00:00+00:00
2025-08-01 00:59:09+00:00,a37fd3,42.42389226363877,-70.78082417332848,262.0,34.902495615924714,2624.0,JBU1337,False,False,False,,6325.0,6550.0,1754009948.852,1754009948.897,"[-1408216312 -1408234010 -1408237262 -1408234023 -1408212209 -1408230161
 -1408235852 -1408230124 -1408228164 -1408228163 -1408231885 -1408230745
 -1408231456 -1408229983 -1408216313 -1408205968]",2025-08-01 00:00:00+00:00
2025-08-01 00:59:10+00:00,a37fd3,42.424869860632946,-70.77992993731829,263.0,34.2950691103406,2624.0,JBU1337,False,False,False,,6350.0,6575.0,1754009949.831,1754009949.937,"[-1408216312 -1408234010 -1408237262 -1408234023 -1408212209 -1408230161
 -1408235852 -1408230124 -1408228164 -1408228163 -1408231885 -1408230745
 -1408231456 -1408229983 -1408216313 -1408205968]",2025-08-01 00:00:00+00:00
2025-08-01 00:59:11+00:00,a37fd3,42.42631298000529,-70.77865245730374,263.0,33.690067525979785,2688.0,JBU1337,False,False,False,,6425.0,6625.0,1754009950.938,1754009950.947,"[-1408216312 -1408234010 -1408237262 -1408234023 -1408212209 -1408230161
 -1408235852 -1408230124 -1408228164 -1408228163 -1408231885 -1408230745
 -1408231456 -1408229983 -1408216313 -1408205968]",2025-08-01 00:00:00+00:00
2025-08-01 00:59:12+00:00,a37fd3,42.42681884765625,-70.77823292125356,264.0,32.604593166241536,2624.0,JBU1337,False,False,False,,6450.0,6675.0,1754009951.783,1754009951.949,"[-1408216312 -1408234010 -1408237262 -1408234023 -1408212209 -1408230161
 -1408235852 -1408230124 -1408228164 -1408228163 -1408231885 -1408230745
 -1408231456 -1408229983 -1408216313 -1408205968]",2025-08-01 00:00:00+00:00
2025-08-01 00:59:13+00:00,a37fd3,42.42805480957031,-70.77717174183238,264.0,31.52217724675868,2624.0,JBU1337,False,False,False,,6500.0,6725.0,1754009952.766,1754009952.99,"[-1408216312 -1408234010 -1408237262 -1408234023 -1408212209 -1408230161
 -1408235852 -1408230124 -1408228164 -1408228163 -1408231885 -1408230745
 -1408231456 -1408229983 -1408216313 -1408205968]",2025-08-01 00:00:00+00:00
2025-08-01 00:59:14+00:00,a37fd3,42.42901300979873,-70.77641686727833,264.0,30.4435756799257,2560.0,JBU1337,False,False,False,,6525.0,6750.0,1754009953.992,1754009953.992,"[-1408216312 -1408234010 -1408237262 -1408234023 -1408212209 -1408230161
 -1408235852 -1408230124 -1408228164 -1408228163 -1408231885 -1408230745
 -1408231456 -1408229983 -1408216313 -1408205968]",2025-08-01 00:00:00+00:00
2025-08-01 00:59:15+00:00,a37fd3,42.430316472457626,-70.77545875726742,265.0,29.075568525332592,2432.0,JBU1337,False,False,False,,6575.0,6775.0,1754009954.958,1754009954.958,"[-1408216312 -1408234010 -1408237262 -1408234023 -1408212209 -1408230161
 -1408235852 -1408230124 -1408228164 -1408228163 -1408231885 -1408230745
 -1408231456 -1408229983 -1408216313 -1408205968]",2025-08-01 00:00:00+00:00
2025-08-01 00:59:16+00:00,a37fd3,42.43143372616525,-70.77469226925871,266.0,28.009176708013836,2304.0,JBU1337,False,False,False,,6625.0,6850.0,1754009955.909,1754009955.964,"[-1408216312 -1408234010 -1408237262 -1408234023 -1408212209 -1408230161
 -1408235852 -1408230124 -1408228164 -1408228163 -1408231885 -1408230745
 -1408231456 -1408229983 -1408216313 -1408205968]",2025-08-01 00:00:00+00:00
2025-08-01 00:59:17+00:00,a37fd3,42.43263244628906,-70.77386335893112,267.0,26.469078436831758,2240.0,JBU1337,False,False,False,,6650.0,6900.0,1754009956.992,1754009956.992,"[-1408216312 -1408234010 -1408237262 -1408234023 -1408212209 -1408230161
 -1408235852 -1408230124 -1408228164 -1408228163 -1408231885 -1408230745
 -1408231456 -1408229983 -1408216313 -1408205968]",2025-08-01 00:00:00+00:00
2025-08-01 00:59:18+00:00,a37fd3,42.43377685546875,-70.77317671342331,268.0,25.132954992913344,2048.0,JBU1337,False,False,False,,6675.0,6925.0,1754009957.958,1754009957.958,"[-1408216312 -1408234010 -1408237262 -1408234023 -1408212209 -1408230161
 -1408235852 -1408230124 -1408228164 -1408228163 -1408231885 -1408230745
 -1408231456 -1408229983 -1408216313 -1408205968]",2025-08-01 00:00:00+00:00
2025-08-01 00:59:19+00:00,a37fd3,42.4346923828125,-70.77267733487218,269.0,23.70264595096624,1984.0,JBU1337,False,False,False,,6725.0,6975.0,1754009958.982,1754009958.983,"[-1408216312 -1408234010 -1408237262 -1408234220 -1408234023 -1408212209
 -1408230161 -1408235852 -1408230124 -1408228164 -1408228163 -1408179932
 -1408231885 -1408230745 -1408231456 -1408229983 -1408216313 -1408205968]",2025-08-01 00:00:00+00:00
2025-08-01 00:59:20+00:00,a37fd3,42.43594929323358,-70.77194568722746,270.0,22.19545952867895,1856.0,JBU1337,False,False,False,,6750.0,7000.0,1754009959.941,1754009959.941,"[-1408216312 -1408234010 -1408237262 -1408234220 -1408234023 -1408212209
 -1408230161 -1408235852 -1408230124 -1408228164 -1408228163 -1408179932
 -1408231885 -1408230745 -1408231456 -1408229983 -1408216313 -1408205968]",2025-08-01 00:00:00+00:00
2025-08-01 00:59:21+00:00,a37fd3,42.43702697753906,-70.77142888849431,272.0,20.704223629342003,1792.0,JBU1337,False,False,False,,6775.0,7025.0,1754009960.944,1754009960.944,"[-1408216312 -1408234010 -1408237262 -1408234220 -1408234023 -1408212209
 -1408230161 -1408235852 -1408230124 -1408228164 -1408228163 -1408179932
 -1408231885 -1408230745 -1408231456 -1408229983 -1408216313]",2025-08-01 00:00:00+00:00
2025-08-01 00:59:22+00:00,a37fd3,42.43821716308594,-70.77092950994319,273.0,19.032449776130626,1664.0,JBU1337,False,False,False,,6800.0,7050.0,1754009961.892,1754009961.892,"[-1408216312 -1408234010 -1408237262 -1408234220 -1408234023 -1408212209
 -1408230161 -1408235852 -1408230124 -1408228164 -1408228163 -1408179932
 -1408231885 -1408230745 -1408231456 -1408229983 -1408216313]",2025-08-01 00:00:00+00:00
2025-08-01 00:59:23+00:00,a37fd3,42.439453125,-70.77036770907318,274.0,17.641062733446592,1600.0,JBU1337,False,False,False,,6825.0,7075.0,1754009962.953,1754009962.953,"[-1408216312 -1408234010 -1408237262 -1408234220 -1408234023 -1408212209
 -1408230161 -1408235852 -1408230124 -1408228164 -1408228163 -1408179932
 -1408231885 -1408230745 -1408231456 -1408229983 -1408216313]",2025-08-01 00:00:00+00:00
2025-08-01 00:59:24+00:00,a37fd3,42.44055796477754,-70.76996559320492,276.0,16.00249182573351,1536.0,JBU1337,False,False,False,,6850.0,7100.0,1754009963.949,1754009963.996,"[-1408216312 -1408234010 -1408237262 -1408234220 -1408234023 -1408212209
 -1408230161 -1408235852 -1408230124 -1408228164 -1408228163 -1408179932
 -1408231885 -1408230745 -1408231456 -1408229983 -1408216313]",2025-08-01 00:00:00+00:00
2025-08-01 00:59:25+00:00,a37fd3,42.441768322960804,-70.76958234920056,276.0,14.237280465761087,1472.0,JBU1337,False,False,False,,6875.0,7125.0,1754009964.906,1754009964.917,"[-1408216312 -1408234010 -1408237262 -1408234220 -1408234023 -1408212209
 -1408230161 -1408235852 -1408230124 -1408228164 -1408228163 -1408179932
 -1408231885 -1408230745 -1408231456 -1408229983 -1408216313]",2025-08-01 00:00:00+00:00
2025-08-01 00:59:26+00:00,a37fd3,42.44302523338188,-70.76919910519621,278.0,12.484027898407378,1472.0,JBU1337,False,False,False,,6900.0,7150.0,1754009965.906,1754009965.921,"[-1408216312 -1408234010 -1408237262 -1408234220 -1408234023 -1408212209
 -1408230161 -1408235852 -1408230124 -1408228164 -1408228163 -1408179932
 -1408231885 -1408230745 -1408231456 -1408229983 -1408216313]",2025-08-01 00:00:00+00:00
2025-08-01 00:59:27+00:00,a37fd3,42.444840770656775,-70.76875198719114,279.0,10.745857229577847,1536.0,JBU1337,False,False,False,,6925.0,7175.0,1754009966.955,1754009966.991,"[-1408216312 -1408234010 -1408237262 -1408234220 -1408234023 -1408212209
 -1408230161 -1408235852 -1408230124 -1408228164 -1408228163 -1408179932
 -1408231885 -1408230745 -1408231456 -1408229983 -1408216313 -1408205968]",2025-08-01 00:00:00+00:00
2025-08-01 00:59:28+00:00,a37fd3,42.44599914550781,-70.76855746182531,280.0,8.823861943040479,1536.0,JBU1337,False,False,False,,6950.0,7175.0,1754009967.993,1754009967.993,"[-1408216312 -1408234010 -1408237262 -1408234220 -1408234023 -1408212209
 -1408230161 -1408235852 -1408230124 -1408228164 -1408228163 -1408179932
 -1408231885 -1408230745 -1408231456 -1408229983 -1408216313 -1408205968]",2025-08-01 00:00:00+00:00
2025-08-01 00:59:29+00:00,a37fd3,42.447401143736755,-70.76830486918601,282.0,7.125016348901798,1536.0,JBU1337,False,False,False,,6975.0,7200.0,1754009968.969,1754009968.994,"[-1408216312 -1408234010 -1408237262 -1408234220 -1408234023 -1408212209
 -1408230161 -1408235852 -1408230124 -1408228164 -1408228163 -1408179932
 -1408231885 -1408230745 -1408231456 -1408229983 -1408216313 -1408205968]",2025-08-01 00:00:00+00:00
2025-08-01 00:59:30+00:00,a37fd3,42.44819253177966,-70.7682409951853,283.0,5.26769712804423,1600.0,JBU1337,False,False,False,,7000.0,7250.0,1754009969.986,1754009969.986,"[-1408216312 -1408234010 -1408237262 -1408234220 -1408234023 -1408212209
 -1408230161 -1408235852 -1408230124 -1408228164 -1408228163 -1408179932
 -1408231885 -1408230745 -1408231456 -1408229983 -1408216313 -1408205968]",2025-08-01 00:00:00+00:00
2025-08-01 00:59:31+00:00,a37fd3,42.44926323324947,-70.76817712118458,285.0,3.4255894138662932,1600.0,JBU1337,False,False,False,,7025.0,7275.0,1754009970.965,1754009970.965,"[-1408216312 -1408234010 -1408237262 -1408234220 -1408234023 -1408212209
 -1408230161 -1408235852 -1408132182 -1408230124 -1408228164 -1408228163
 -1408179932 -1408231885 -1408230745 -1408231456 -1408229983 -1408216313
 -1408205968]",2025-08-01 00:00:00+00:00
2025-08-01 00:59:32+00:00,a37fd3,42.45084600933527,-70.76811324718386,286.0,1.6022613462709754,1600.0,JBU1337,False,False,False,,7050.0,7300.0,1754009971.804,1754009971.943,"[-1408216312 -1408234010 -1408237262 -1408234220 -1408234023 -1408212209
 -1408230161 -1408235852 -1408132182 -1408230124 -1408228164 -1408228163
 -1408179932 -1408231885 -1408230745 -1408231456 -1408229983 -1408216313
 -1408205968]",2025-08-01 00:00:00+00:00
2025-08-01 00:59:33+00:00,a37fd3,42.45231628417969,-70.76812050559306,287.0,359.6007327381533,1664.0,JBU1337,False,False,False,,7075.0,7325.0,1754009972.953,1754009972.967,"[-1408216312 -1408234010 -1408237262 -1408234220 -1408234023 -1408212209
 -1408230161 -1408235852 -1408132182 -1408230124 -1408228164 -1408228163
 -1408179932 -1408231885 -1408230745 -1408231456 -1408229983 -1408216313
 -1408205968]",2025-08-01 00:00:00+00:00
2025-08-01 00:59:34+00:00,a37fd3,42.453643798828125,-70.76824535023081,288.0,357.6140559696112,1728.0,JBU1337,False,False,False,,7100.0,7350.0,1754009973.779,1754009973.933,"[-1408216312 -1408234010 -1408237262 -1408234220 -1408234023 -1408212209
 -1408230161 -1408235852 -1408132182 -1408230124 -1408228164 -1408228163
 -1408179932 -1408231885 -1408230745 -1408231456 -1408229983 -1408216313
 -1408205968]",2025-08-01 00:00:00+00:00
2025-08-01 00:59:35+00:00,a37fd3,42.45497131347656,-70.76837019486862,289.0,355.8295634751579,1728.0,JBU1337,False,False,False,,7125.0,7375.0,1754009974.805,1754009974.948,"[-1408216312 -1408234010 -1408237262 -1408234220 -1408234023 -1408212209
 -1408230161 -1408235852 -1408132182 -1408230124 -1408228164 -1408228163
 -1408179932 -1408231885 -1408230745 -1408231456 -1408229983 -1408216313
 -1408205968]",2025-08-01 00:00:00+00:00
2025-08-01 00:59:36+00:00,a37fd3,42.45643227787341,-70.76856036518893,291.0,353.87749633851263,1664.0,JBU1337,False,False,False,,7175.0,7425.0,1754009975.804,1754009975.992,"[-1408216312 -1408234010 -1408237262 -1408234220 -1408234023 -1408212209
 -1408230161 -1408235852 -1408132182 -1408230124 -1408228164 -1408228163
 -1408179932 -1408231885 -1408230745 -1408231456 -1408229983 -1408216313
 -1408205968]",2025-08-01 00:00:00+00:00
2025-08-01 00:59:37+00:00,a37fd3,42.45790100097656,-70.76886957341975,291.0,352.09283729704157,1664.0,JBU1337,False,False,False,,7200.0,7450.0,1754009976.884,1754009976.984,"[-1408216312 -1408234010 -1408237262 -1408234220 -1408234023 -1408212209
 -1408230161 -1408235852 -1408132182 -1408230124 -1408228164 -1408228163
 -1408179932 -1408231885 -1408230745 -1408231456 -1408229983 -1408216313
 -1408205968]",2025-08-01 00:00:00+00:00
2025-08-01 00:59:38+00:00,a37fd3,42.458573680813025,-70.76907135719472,292.0,350.15098548888295,1792.0,JBU1337,False,False,False,,7200.0,7450.0,1754009977.442,1754009977.885,"[-1408216312 -1408234010 -1408237262 -1408234220 -1408234023 -1408212209
 -1408230161 -1408235852 -1408132182 -1408230124 -1408228164 -1408228163
 -1408179932 -1408231885 -1408230745 -1408231456 -1408229983 -1408216313
 -1408205968]",2025-08-01 00:00:00+00:00
2025-08-01 00:59:39+00:00,a37fd3,42.46055603027344,-70.76961864124644,293.0,348.38326574872985,1792.0,JBU1337,False,False,False,,7250.0,7500.0,1754009978.963,1754009978.999,"[-1408216312 -1408234010 -1408237262 -1408234220 -1408234023 -1408212209
 -1408230161 -1408235852 -1408132182 -1408230124 -1408228164 -1408228163
 -1408179932 -1408231885 -1408230745 -1408231456 -1408229983 -1408216313
 -1408205968]",2025-08-01 00:00:00+00:00
2025-08-01 00:59:40+00:00,a37fd3,42.461883544921875,-70.77005559747869,294.0,346.62555953512884,1856.0,JBU1337,False,False,False,,7275.0,7525.0,1754009979.887,1754009979.992,"[-1408216312 -1408234010 -1408237262 -1408234220 -1408234023 -1408212209
 -1408230161 -1408235852 -1408132182 -1408230124 -1408228164 -1408228163
 -1408179932 -1408231885 -1408230745 -1408231456 -1408229983 -1408216313
 -1408205968]",2025-08-01 00:00:00+00:00
2025-08-01 00:59:41+00:00,a37fd3,42.46321105957031,-70.77055497602981,295.0,345.25643716352926,1856.0,JBU1337,False,False,False,,7300.0,7550.0,1754009980.883,1754009980.99,"[-1408216312 -1408234010 -1408237262 -1408234220 -1408234023 -1408212209
 -1408230161 -1408235852 -1408132182 -1408230124 -1408228164 -1408228163
 -1408179932 -1408231885 -1408230745 -1408231456 -1408229983 -1408216313
 -1408205968]",2025-08-01 00:00:00+00:00
2025-08-01 00:59:42+00:00,a37fd3,42.46439271054025,-70.77105145121726,295.0,344.081253296929,1920.0,JBU1337,False,False,False,,7350.0,7600.0,1754009981.87,1754009981.988,"[-1408216312 -1408234010 -1408237262 -1408234220 -1408234023 -1408212209
 -1408230161 -1408235852 -1408132182 -1408230124 -1408228164 -1408228163
 -1408179932 -1408231885 -1408230745 -1408231456 -1408229983 -1408216313
 -1408205968]",2025-08-01 00:00:00+00:00
2025-08-01 00:59:43+00:00,a37fd3,42.46518409858316,-70.7713708212209,295.0,344.081253296929,1920.0,JBU1337,False,False,False,,7350.0,7600.0,1754009982.454,1754009982.909,"[-1408216312 -1408234010 -1408237262 -1408234220 -1408234023 -1408212209
 -1408230161 -1408235852 -1408132182 -1408230124 -1408228164 -1408228163
 -1408179932 -1408231885 -1408230745 -1408231456 -1408229983 -1408216313
 -1408205968]",2025-08-01 00:00:00+00:00
2025-08-01 00:59:44+00:00,a37fd3,42.46714782714844,-70.77224037863994,297.0,342.3582328073608,2112.0,JBU1337,False,False,False,,7400.0,7675.0,1754009983.988,1754009983.997,"[-1408216312 -1408234010 -1408237262 -1408234220 -1408234023 -1408212209
 -1408230161 -1408235852 -1408132182 -1408230124 -1408228164 -1408228163
 -1408179932 -1408231885 -1408230745 -1408231456 -1408229983 -1408216313
 -1408205968]",2025-08-01 00:00:00+00:00
2025-08-01 00:59:45+00:00,a37fd3,42.468475341796875,-70.77280217950994,297.0,341.565051177078,2112.0,JBU1337,False,False,False,,7450.0,7700.0,1754009984.959,1754009984.998,"[-1408216312 -1408234010 -1408237262 -1408234220 -1408234023 -1408212209
 -1408230161 -1408235852 -1408132182 -1408230124 -1408228164 -1408228163
 -1408231885 -1408230745 -1408231456 -1408229983 -1408216313 -1408205968]",2025-08-01 00:00:00+00:00
2025-08-01 00:59:46+00:00,a37fd3,42.469757080078125,-70.77342640269887,298.0,341.01823637370296,2240.0,JBU1337,False,False,False,,7475.0,7725.0,1754009985.978,1754009985.989,"[-1408216312 -1408234010 -1408237262 -1408234220 -1408234023 -1408212209
 -1408230161 -1408235852 -1408132182 -1408230124 -1408228164 -1408228163
 -1408231885 -1408230745 -1408231456 -1408229983 -1408216313 -1408205968]",2025-08-01 00:00:00+00:00
2025-08-01 00:59:47+00:00,a37fd3,42.471038818359375,-70.77405062588781,298.0,340.4107854990367,2304.0,JBU1337,False,False,False,,7525.0,7775.0,1754009986.877,1754009986.99,"[-1408216312 -1408234010 -1408237262 -1408234220 -1408234023 -1408212209
 -1408230161 -1408235852 -1408230124 -1408228164 -1408228163 -1408231885
 -1408230745 -1408231456 -1408229983 -1408216313 -1408205968]",2025-08-01 00:00:00+00:00
2025-08-01 00:59:48+00:00,a37fd3,42.472213486493644,-70.77462839525799,298.0,339.8035940242878,2432.0,JBU1337,False,False,False,,7550.0,7825.0,1754009987.797,1754009987.965,"[-1408216312 -1408234010 -1408237262 -1408234220 -1408234023 -1408212209
 -1408230161 -1408235852 -1408230124 -1408228164 -1408228163 -1408231885
 -1408230745 -1408231456 -1408229983 -1408216313 -1408205968]",2025-08-01 00:00:00+00:00
2025-08-01 00:59:49+00:00,a37fd3,42.47351694915254,-70.77526713526527,299.0,339.44395478041656,2432.0,JBU1337,False,False,False,,7575.0,7850.0,1754009988.848,1754009988.992,"[-1408216312 -1408234010 -1408237262 -1408234220 -1408234023 -1408212209
 -1408230161 -1408235852 -1408230124 -1408228164 -1408228163 -1408231885
 -1408230745 -1408231456 -1408229983 -1408216313 -1408205968]",2025-08-01 00:00:00+00:00
2025-08-01 00:59:50+00:00,a37fd3,42.474700927734375,-70.77592329545456,298.0,339.1967980488923,2560.0,JBU1337,False,False,False,,7625.0,7900.0,1754009989.665,1754009989.969,"[-1408216312 -1408234010 -1408237262 -1408234220 -1408234023 -1408212209
 -1408230161 -1408235852 -1408230124 -1408228164 -1408228163 -1408231885
 -1408230745 -1408231456 -1408229983 -1408216313]",2025-08-01 00:00:00+00:00
2025-08-01 00:59:51+00:00,a37fd3,42.475982666015625,-70.7765475186435,299.0,339.0175545794531,2688.0,JBU1337,False,False,False,,7675.0,7950.0,1754009990.717,1754009990.903,"[-1408216312 -1408234010 -1408237262 -1408234220 -1408234023 -1408212209
 -1408230161 -1408235852 -1408230124 -1408228164 -1408228163 -1408231885
 -1408230745 -1408231456 -1408229983 -1408216313]",2025-08-01 00:00:00+00:00
2025-08-01 00:59:52+00:00,a37fd3,42.47714802370233,-70.77718335528704,300.0,338.66035679198677,2688.0,JBU1337,False,False,False,,7700.0,7975.0,1754009991.653,1754009991.897,"[-1408216312 -1408234010 -1408237262 -1408234220 -1408234023 -1408212209
 -1408230161 -1408235852 -1408230124 -1408228164 -1408228163 -1408231885
 -1408230745 -1408231456 -1408229983 -1408216313]",2025-08-01 00:00:00+00:00
2025-08-01 00:59:53+00:00,a37fd3,42.478546142578125,-70.77792080965912,299.0,338.4121141693027,2752.0,JBU1337,False,False,False,,7750.0,8025.0,1754009992.729,1754009992.99,"[-1408216312 -1408234010 -1408237262 -1408234220 -1408234023 -1408212209
 -1408230161 -1408235852 -1408230124 -1408228164 -1408228163 -1408179932
 -1408231885 -1408230745 -1408231456 -1408229983 -1408216313]",2025-08-01 00:00:00+00:00
2025-08-01 00:59:54+00:00,a37fd3,42.479827880859375,-70.77860745516693,299.0,338.4121141693027,2752.0,JBU1337,False,False,False,,7800.0,8075.0,1754009993.693,1754009993.983,"[-1408216312 -1408234010 -1408237262 -1408234220 -1408234023 -1408212209
 -1408230161 -1408235852 -1408230124 -1408228164 -1408228163 -1408179932
 -1408231885 -1408230745 -1408231456 -1408229983 -1408216313]",2025-08-01 00:00:00+00:00
2025-08-01 00:59:55+00:00,a37fd3,42.4810118594412,-70.7792273233103,299.0,338.23413379662793,2880.0,JBU1337,False,False,False,,7850.0,8125.0,1754009994.656,1754009994.995,"[-1408216312 -1408234010 -1408237262 -1408234220 -1408234023 -1408212209
 -1408230161 -1408235852 -1408230124 -1408228164 -1408228163 -1408179932
 -1408231885 -1408230745 -1408231456 -1408229983 -1408216313]",2025-08-01 00:00:00+00:00
2025-08-01 00:59:56+00:00,a37fd3,42.482391357421875,-70.78004316850144,300.0,338.05659382911506,2944.0,JBU1337,False,False,False,,7900.0,8175.0,1754009995.722,1754009995.891,"[-1408216312 -1408234010 -1408237262 -1408234220 -1408234023 -1408212209
 -1408230161 -1408235852 -1408230124 -1408228164 -1408228163 -1408179932
 -1408231885 -1408230745 -1408231456 -1408229983 -1408216313]",2025-08-01 00:00:00+00:00
2025-08-01 00:59:57+00:00,a37fd3,42.48357223252118,-70.78063255132628,300.0,338.05659382911506,2944.0,JBU1337,False,False,False,,7950.0,8225.0,1754009996.662,1754009996.928,"[-1408216312 -1408234010 -1408237262 -1408234220 -1408234023 -1408212209
 -1408230161 -1408235852 -1408230124 -1408228164 -1408228163 -1408179932
 -1408231885 -1408230745 -1408231456 -1408229983 -1408216313 -1408205968]",2025-08-01 00:00:00+00:00
2025-08-01 00:59:58+00:00,a37fd3,42.48472595214844,-70.78129161487925,299.0,337.8073777387998,2880.0,JBU1337,False,False,False,,7975.0,8250.0,1754009997.558,1754009997.962,"[-1408216312 -1408234010 -1408237262 -1408234220 -1408234023 -1408212209
 -1408230161 -1408235852 -1408230124 -1408228164 -1408228163 -1408179932
 -1408231885 -1408230745 -1408231456 -1408229983 -1408216313 -1408205968]",2025-08-01 00:00:00+00:00
2025-08-01 00:59:59+00:00,a37fd3,42.48613260560116,-70.78210165334298,300.0,337.63026912070853,2816.0,JBU1337,False,False,False,,8025.0,8300.0,1754009998.615,1754009998.987,"[-1408216312 -1408234010 -1408237262 -1408234220 -1408234023 -1408212209
 -1408230161 -1408235852 -1408230124 -1408228164 -1408228163 -1408179932
 -1408231885 -1408230745 -1408231456 -1408229983 -1408216313 -1408205968]",2025-08-01 00:00:00+00:00
